id,id_cliente,id_loja,id_produto,dt_venda
1,393,9,3,2018-01-04
2,417,9,3,2018-01-04
3,374,7,8,2018-01-04
4,59,4,3,2018-01-05
5,18,9,1,2018-01-05
6,52,8,3,2018-01-05
7,485,10,6,2018-01-06
8,543,10,10,2018-01-06
9,855,7,3,2018-01-06
10,724,3,10,2018-01-07
11,607,5,3,2018-01-07
12,308,10,3,2018-01-07
13,747,3,1,2018-01-10
14,906,8,2,2018-01-10
15,635,10,3,2018-01-10
16,691,7,3,2018-01-11
17,952,7,3,2018-01-11
18,395,2,3,2018-01-11
19,349,7,5,2018-01-12
20,732,9,8,2018-01-12
21,270,2,10,2018-01-12
22,465,2,3,2018-01-12
23,665,10,10,2018-01-12
24,478,2,2,2018-01-12
25,152,9,5,2018-01-13
26,875,8,3,2018-01-13
27,951,8,3,2018-01-13
28,925,6,9,2018-01-13
29,299,5,10,2018-01-13
30,358,3,2,2018-01-13
31,519,4,3,2018-01-13
32,739,9,3,2018-01-13
33,459,2,7,2018-01-13
34,568,2,1,2018-01-14
35,378,7,3,2018-01-14
36,719,4,7,2018-01-14
37,959,6,3,2018-01-14
38,927,8,7,2018-01-14
39,844,2,7,2018-01-14
40,45,10,3,2018-01-15
41,47,5,5,2018-01-15
42,353,6,2,2018-01-15
43,246,3,7,2018-01-16
44,332,8,7,2018-01-16
45,769,2,3,2018-01-16
46,679,9,3,2018-01-18
47,595,2,3,2018-01-18
48,651,3,1,2018-01-18
49,694,6,3,2018-01-19
50,243,2,3,2018-01-19
51,707,8,4,2018-01-19
52,471,2,6,2018-01-20
53,294,2,3,2018-01-20
54,467,6,3,2018-01-20
55,873,6,3,2018-01-21
56,745,8,4,2018-01-21
57,769,2,2,2018-01-21
58,117,2,3,2018-01-21
59,387,8,3,2018-01-21
60,674,10,6,2018-01-21
61,31,2,3,2018-01-23
62,448,10,3,2018-01-23
63,786,9,2,2018-01-23
64,635,7,2,2018-01-24
65,186,10,1,2018-01-24
66,361,6,4,2018-01-24
67,359,2,3,2018-01-24
68,542,2,3,2018-01-24
69,253,7,3,2018-01-24
70,396,6,3,2018-01-25
71,210,9,6,2018-01-25
72,284,1,7,2018-01-25
73,340,3,2,2018-01-26
74,923,7,5,2018-01-26
75,944,6,9,2018-01-26
76,830,5,3,2018-01-26
77,397,3,3,2018-01-26
78,851,5,9,2018-01-26
79,989,2,2,2018-01-29
80,52,2,8,2018-01-29
81,191,10,3,2018-01-29
82,724,8,3,2018-01-30
83,971,9,4,2018-01-30
84,640,2,3,2018-01-30
85,248,2,3,2018-01-31
86,621,2,8,2018-01-31
87,537,7,9,2018-01-31
88,503,4,8,2018-01-31
89,71,2,3,2018-01-31
90,438,2,7,2018-01-31
91,906,10,10,2018-02-03
92,509,2,9,2018-02-03
93,738,2,3,2018-02-03
94,460,2,3,2018-02-03
95,402,6,2,2018-02-03
96,241,2,6,2018-02-03
97,762,4,6,2018-02-04
98,747,2,3,2018-02-04
99,848,5,2,2018-02-04
100,290,2,6,2018-02-04
101,153,1,3,2018-02-04
102,807,8,3,2018-02-04
103,771,2,10,2018-02-06
104,94,9,9,2018-02-06
105,144,6,9,2018-02-06
106,503,2,1,2018-02-07
107,826,2,3,2018-02-07
108,818,8,3,2018-02-07
109,886,7,3,2018-02-10
110,859,2,10,2018-02-10
111,329,8,4,2018-02-10
112,74,2,3,2018-02-11
113,935,2,6,2018-02-11
114,712,2,8,2018-02-11
115,131,10,9,2018-02-13
116,750,7,3,2018-02-13
117,556,2,3,2018-02-13
118,833,1,10,2018-02-15
119,502,2,3,2018-02-15
120,880,2,3,2018-02-15
121,20,2,5,2018-02-20
122,404,7,3,2018-02-20
123,166,6,3,2018-02-20
124,261,2,3,2018-02-20
125,25,2,3,2018-02-20
126,481,7,3,2018-02-20
127,852,2,3,2018-02-21
128,310,5,3,2018-02-21
129,319,6,9,2018-02-21
130,79,2,1,2018-02-22
131,833,2,10,2018-02-22
132,556,8,3,2018-02-22
133,592,7,3,2018-02-22
134,767,9,7,2018-02-22
135,495,4,3,2018-02-22
136,505,7,3,2018-02-22
137,621,8,3,2018-02-22
138,902,3,3,2018-02-22
139,154,10,3,2018-02-22
140,421,7,2,2018-02-22
141,834,7,5,2018-02-22
142,444,2,3,2018-02-23
143,655,7,7,2018-02-23
144,913,1,1,2018-02-23
145,739,8,3,2018-02-23
146,423,7,7,2018-02-23
147,642,4,3,2018-02-23
148,207,10,2,2018-02-23
149,612,2,3,2018-02-23
150,382,2,3,2018-02-23
151,900,10,3,2018-02-24
152,419,7,3,2018-02-24
153,436,2,9,2018-02-24
154,846,4,5,2018-02-24
155,715,2,3,2018-02-24
156,686,7,6,2018-02-24
157,192,4,4,2018-02-25
158,59,6,1,2018-02-25
159,329,6,3,2018-02-25
160,329,10,3,2018-02-26
161,826,2,6,2018-02-26
162,762,10,3,2018-02-26
163,542,9,3,2018-02-26
164,558,5,5,2018-02-26
165,686,9,4,2018-02-26
166,891,5,3,2018-02-28
167,517,2,6,2018-02-28
168,194,10,3,2018-02-28
169,309,6,6,2018-03-01
170,191,6,8,2018-03-01
171,65,10,10,2018-03-01
172,406,3,1,2018-03-02
173,974,2,7,2018-03-02
174,803,1,3,2018-03-02
175,521,6,3,2018-03-05
176,560,2,1,2018-03-05
177,739,1,3,2018-03-05
178,659,6,3,2018-03-05
179,871,8,3,2018-03-05
180,776,9,3,2018-03-05
181,797,3,3,2018-03-06
182,547,2,3,2018-03-06
183,493,2,1,2018-03-06
184,330,3,3,2018-03-06
185,735,2,3,2018-03-06
186,493,2,3,2018-03-06
187,940,3,3,2018-03-07
188,29,6,6,2018-03-07
189,491,7,3,2018-03-07
190,916,2,3,2018-03-08
191,147,2,6,2018-03-08
192,826,9,10,2018-03-08
193,743,5,7,2018-03-09
194,931,3,8,2018-03-09
195,208,7,10,2018-03-09
196,252,10,7,2018-03-14
197,428,9,10,2018-03-14
198,605,9,3,2018-03-14
199,343,9,7,2018-03-17
200,511,2,2,2018-03-17
201,4,2,3,2018-03-17
202,433,2,5,2018-03-19
203,295,1,7,2018-03-19
204,906,2,3,2018-03-19
205,66,2,2,2018-03-20
206,662,2,6,2018-03-20
207,682,1,3,2018-03-20
208,997,1,4,2018-03-24
209,111,1,3,2018-03-24
210,448,3,3,2018-03-24
211,406,4,9,2018-03-24
212,861,5,3,2018-03-24
213,301,2,3,2018-03-24
214,492,2,9,2018-03-26
215,400,9,4,2018-03-26
216,609,2,3,2018-03-26
217,63,2,6,2018-03-27
218,820,2,3,2018-03-27
219,793,10,5,2018-03-27
220,454,3,10,2018-03-27
221,131,2,8,2018-03-27
222,4,2,4,2018-03-27
223,215,2,3,2018-03-27
224,787,5,6,2018-03-27
225,42,6,4,2018-03-27
226,650,4,7,2018-03-27
227,457,6,3,2018-03-27
228,129,1,6,2018-03-27
229,8,2,3,2018-03-28
230,264,2,3,2018-03-28
231,816,4,8,2018-03-28
232,858,2,3,2018-04-01
233,986,2,9,2018-04-01
234,680,1,3,2018-04-01
235,986,5,3,2018-04-01
236,903,8,9,2018-04-01
237,791,9,2,2018-04-01
238,837,5,10,2018-04-02
239,948,2,3,2018-04-02
240,321,5,8,2018-04-02
241,83,2,10,2018-04-02
242,56,5,6,2018-04-02
243,553,2,6,2018-04-02
244,633,2,8,2018-04-04
245,528,2,7,2018-04-04
246,52,10,3,2018-04-04
247,390,7,3,2018-04-06
248,137,2,2,2018-04-06
249,898,1,3,2018-04-06
250,917,2,3,2018-04-07
251,519,2,3,2018-04-07
252,833,2,3,2018-04-07
253,214,5,3,2018-04-08
254,423,8,3,2018-04-08
255,142,2,3,2018-04-08
256,703,10,7,2018-04-10
257,913,2,3,2018-04-10
258,75,2,3,2018-04-10
259,176,1,1,2018-04-12
260,893,8,3,2018-04-12
261,252,3,3,2018-04-12
262,548,2,3,2018-04-13
263,985,3,10,2018-04-13
264,699,8,3,2018-04-13
265,665,8,3,2018-04-16
266,426,9,10,2018-04-16
267,435,5,10,2018-04-16
268,196,3,5,2018-04-17
269,780,4,10,2018-04-17
270,896,1,4,2018-04-17
271,207,1,7,2018-04-17
272,681,2,4,2018-04-17
273,692,9,2,2018-04-17
274,717,4,3,2018-04-18
275,734,10,3,2018-04-18
276,757,8,4,2018-04-18
277,654,10,1,2018-04-19
278,666,2,3,2018-04-19
279,799,2,2,2018-04-19
280,667,2,2,2018-04-19
281,702,2,9,2018-04-19
282,177,2,1,2018-04-19
283,484,2,3,2018-04-19
284,504,2,1,2018-04-19
285,305,8,9,2018-04-19
286,300,2,9,2018-04-20
287,329,2,5,2018-04-20
288,598,2,3,2018-04-20
289,159,2,9,2018-04-21
290,158,2,3,2018-04-21
291,172,3,3,2018-04-21
292,250,1,6,2018-04-21
293,214,2,3,2018-04-21
294,3,6,3,2018-04-21
295,101,1,3,2018-04-22
296,94,2,1,2018-04-22
297,942,1,3,2018-04-22
298,35,2,3,2018-04-24
299,77,2,3,2018-04-24
300,155,2,3,2018-04-24
301,848,5,3,2018-04-24
302,19,2,3,2018-04-24
303,37,2,10,2018-04-24
304,372,6,3,2018-04-25
305,537,2,3,2018-04-25
306,162,8,3,2018-04-25
307,261,8,8,2018-04-26
308,966,2,4,2018-04-26
309,445,3,9,2018-04-26
310,875,10,3,2018-04-27
311,200,2,3,2018-04-27
312,717,7,6,2018-04-27
313,555,2,3,2018-04-27
314,781,2,3,2018-04-27
315,615,10,3,2018-04-27
316,944,6,3,2018-04-27
317,737,2,4,2018-04-27
318,443,2,3,2018-04-27
319,486,3,3,2018-04-27
320,839,4,3,2018-04-27
321,712,2,3,2018-04-27
322,577,8,6,2018-04-28
323,776,2,3,2018-04-28
324,362,2,1,2018-04-28
325,755,2,3,2018-04-29
326,95,7,3,2018-04-29
327,814,2,4,2018-04-29
328,974,3,3,2018-04-29
329,892,8,6,2018-04-29
330,368,2,10,2018-04-29
331,466,1,3,2018-05-03
332,825,5,8,2018-05-03
333,118,8,3,2018-05-03
334,397,7,3,2018-05-04
335,438,7,10,2018-05-04
336,512,2,3,2018-05-04
337,678,8,3,2018-05-05
338,160,4,3,2018-05-05
339,362,2,6,2018-05-05
340,218,2,7,2018-05-05
341,376,4,3,2018-05-05
342,727,9,9,2018-05-05
343,635,2,4,2018-05-05
344,149,1,3,2018-05-05
345,124,2,3,2018-05-05
346,99,7,3,2018-05-06
347,601,1,3,2018-05-06
348,293,1,2,2018-05-06
349,773,7,3,2018-05-07
350,844,2,3,2018-05-07
351,134,4,4,2018-05-07
352,477,4,3,2018-05-10
353,864,2,4,2018-05-10
354,110,10,3,2018-05-10
355,151,3,6,2018-05-11
356,692,8,3,2018-05-11
357,958,2,3,2018-05-11
358,685,5,5,2018-05-12
359,357,10,1,2018-05-12
360,840,8,3,2018-05-12
361,712,2,9,2018-05-12
362,11,7,3,2018-05-12
363,861,5,3,2018-05-12
364,578,10,3,2018-05-12
365,447,2,3,2018-05-12
366,96,1,5,2018-05-12
367,279,2,3,2018-05-14
368,563,3,10,2018-05-14
369,890,6,4,2018-05-14
370,144,2,1,2018-05-14
371,939,2,3,2018-05-14
372,815,2,10,2018-05-14
373,818,4,5,2018-05-14
374,653,2,3,2018-05-14
375,876,2,3,2018-05-14
376,599,2,8,2018-05-18
377,115,6,3,2018-05-18
378,262,4,3,2018-05-18
379,942,7,7,2018-05-18
380,145,9,5,2018-05-18
381,672,2,3,2018-05-18
382,922,2,3,2018-05-19
383,492,2,3,2018-05-19
384,91,4,3,2018-05-19
385,502,7,9,2018-05-19
386,984,4,3,2018-05-19
387,303,1,3,2018-05-19
388,155,4,4,2018-05-20
389,287,7,4,2018-05-20
390,400,7,3,2018-05-20
391,267,2,8,2018-05-20
392,188,2,3,2018-05-20
393,418,1,3,2018-05-20
394,447,2,3,2018-05-21
395,99,7,3,2018-05-21
396,31,6,8,2018-05-21
397,589,2,1,2018-05-21
398,787,4,3,2018-05-21
399,87,2,3,2018-05-21
400,15,2,2,2018-05-21
401,292,8,2,2018-05-21
402,856,3,6,2018-05-21
403,543,2,3,2018-05-22
404,355,3,3,2018-05-22
405,489,5,7,2018-05-22
406,113,5,3,2018-05-24
407,152,2,3,2018-05-24
408,15,8,3,2018-05-24
409,565,2,1,2018-05-25
410,118,9,3,2018-05-25
411,414,2,9,2018-05-25
412,119,2,3,2018-05-25
413,485,2,3,2018-05-25
414,906,10,3,2018-05-25
415,157,7,4,2018-05-26
416,991,2,3,2018-05-26
417,435,8,3,2018-05-26
418,537,5,2,2018-05-27
419,23,7,9,2018-05-27
420,74,2,2,2018-05-27
421,521,5,7,2018-05-27
422,31,2,3,2018-05-27
423,191,5,3,2018-05-27
424,956,1,3,2018-05-29
425,44,7,3,2018-05-29
426,584,7,3,2018-05-29
427,296,2,3,2018-05-29
428,493,3,2,2018-05-29
429,753,4,6,2018-05-29
430,968,2,8,2018-05-30
431,132,2,3,2018-05-30
432,313,2,3,2018-05-30
433,583,8,3,2018-06-04
434,162,2,6,2018-06-04
435,243,9,5,2018-06-04
436,221,3,3,2018-06-04
437,539,10,3,2018-06-04
438,123,3,3,2018-06-04
439,535,1,3,2018-06-06
440,180,7,2,2018-06-06
441,403,1,1,2018-06-06
442,178,2,3,2018-06-06
443,375,2,6,2018-06-06
444,773,3,3,2018-06-06
445,697,3,3,2018-06-07
446,951,2,5,2018-06-07
447,827,2,6,2018-06-07
448,912,1,8,2018-06-09
449,992,9,3,2018-06-09
450,742,8,3,2018-06-09
451,888,3,3,2018-06-09
452,654,7,5,2018-06-09
453,117,1,3,2018-06-09
454,398,2,1,2018-06-10
455,349,2,7,2018-06-10
456,527,2,3,2018-06-10
457,94,2,9,2018-06-10
458,456,2,1,2018-06-10
459,230,5,3,2018-06-10
460,852,2,3,2018-06-12
461,313,2,3,2018-06-12
462,345,8,9,2018-06-12
463,391,7,3,2018-06-14
464,181,2,6,2018-06-14
465,255,5,2,2018-06-14
466,467,2,3,2018-06-14
467,602,2,8,2018-06-14
468,588,2,5,2018-06-14
469,756,2,3,2018-06-14
470,184,10,7,2018-06-14
471,410,2,3,2018-06-14
472,689,6,10,2018-06-16
473,36,4,2,2018-06-16
474,778,6,8,2018-06-16
475,337,10,7,2018-06-16
476,532,5,5,2018-06-16
477,857,1,6,2018-06-16
478,339,3,3,2018-06-18
479,27,7,7,2018-06-18
480,545,6,3,2018-06-18
481,934,10,2,2018-06-19
482,227,8,3,2018-06-19
483,788,2,3,2018-06-19
484,126,4,1,2018-06-20
485,259,2,3,2018-06-20
486,733,8,3,2018-06-20
487,906,10,3,2018-06-21
488,201,2,3,2018-06-21
489,104,9,3,2018-06-21
490,924,10,10,2018-06-21
491,275,2,3,2018-06-21
492,159,7,1,2018-06-21
493,18,1,3,2018-06-22
494,649,9,8,2018-06-22
495,566,7,3,2018-06-22
496,559,2,5,2018-06-22
497,559,2,5,2018-06-22
498,588,2,10,2018-06-22
499,31,2,3,2018-06-23
500,809,2,3,2018-06-23
501,301,9,3,2018-06-23
502,626,10,3,2018-06-24
503,87,2,1,2018-06-24
504,196,5,9,2018-06-24
505,606,9,8,2018-06-24
506,628,4,3,2018-06-24
507,530,9,6,2018-06-24
508,915,10,5,2018-06-25
509,820,6,9,2018-06-25
510,314,10,6,2018-06-25
511,966,2,5,2018-06-27
512,623,4,2,2018-06-27
513,219,2,3,2018-06-27
514,952,2,9,2018-06-27
515,378,10,9,2018-06-27
516,167,7,3,2018-06-27
517,563,10,5,2018-06-27
518,957,2,3,2018-06-27
519,365,2,7,2018-06-27
520,799,4,3,2018-06-28
521,874,7,3,2018-06-28
522,850,4,3,2018-06-28
523,595,4,1,2018-06-29
524,119,5,3,2018-06-29
525,157,7,3,2018-06-29
526,870,2,3,2018-06-30
527,612,2,9,2018-06-30
528,466,3,7,2018-06-30
529,276,8,3,2018-06-30
530,613,6,10,2018-06-30
531,736,3,3,2018-06-30
532,470,9,4,2018-06-30
533,805,7,3,2018-06-30
534,122,3,9,2018-06-30
535,457,6,3,2018-07-01
536,586,2,1,2018-07-01
537,603,2,5,2018-07-01
538,47,4,5,2018-07-01
539,441,2,3,2018-07-01
540,940,1,3,2018-07-01
541,756,5,1,2018-07-02
542,481,2,3,2018-07-02
543,634,2,3,2018-07-02
544,112,10,10,2018-07-03
545,261,1,9,2018-07-03
546,960,10,4,2018-07-03
547,273,2,10,2018-07-04
548,812,2,2,2018-07-04
549,917,9,7,2018-07-04
550,783,7,3,2018-07-05
551,28,4,3,2018-07-05
552,608,10,10,2018-07-05
553,585,2,3,2018-07-05
554,383,2,5,2018-07-05
555,99,10,7,2018-07-05
556,317,10,3,2018-07-06
557,954,1,3,2018-07-06
558,584,2,5,2018-07-06
559,571,2,8,2018-07-06
560,125,10,3,2018-07-06
561,762,9,3,2018-07-06
562,11,4,3,2018-07-07
563,264,5,3,2018-07-07
564,315,9,2,2018-07-07
565,468,2,4,2018-07-07
566,623,5,3,2018-07-07
567,689,10,6,2018-07-07
568,107,10,3,2018-07-07
569,87,9,3,2018-07-07
570,615,2,1,2018-07-07
571,666,8,5,2018-07-08
572,190,2,3,2018-07-08
573,446,10,8,2018-07-08
574,236,8,3,2018-07-08
575,950,1,6,2018-07-08
576,955,2,3,2018-07-08
577,40,10,3,2018-07-08
578,892,4,2,2018-07-08
579,951,5,8,2018-07-08
580,71,2,3,2018-07-10
581,929,4,3,2018-07-10
582,652,10,3,2018-07-10
583,182,9,6,2018-07-10
584,938,6,3,2018-07-10
585,827,4,6,2018-07-10
586,399,6,2,2018-07-10
587,162,9,7,2018-07-10
588,56,1,1,2018-07-10
589,420,1,3,2018-07-11
590,516,6,4,2018-07-11
591,117,10,2,2018-07-11
592,323,2,3,2018-07-13
593,845,2,3,2018-07-13
594,905,2,10,2018-07-13
595,614,2,8,2018-07-14
596,626,9,3,2018-07-14
597,864,10,4,2018-07-14
598,304,2,3,2018-07-15
599,639,2,3,2018-07-15
600,39,1,1,2018-07-15
601,748,7,6,2018-07-16
602,339,2,3,2018-07-16
603,929,2,3,2018-07-16
604,909,2,3,2018-07-17
605,420,7,3,2018-07-17
606,768,1,3,2018-07-17
607,282,2,3,2018-07-17
608,259,9,10,2018-07-17
609,422,9,1,2018-07-17
610,646,2,3,2018-07-20
611,784,6,3,2018-07-20
612,539,3,3,2018-07-20
613,717,2,3,2018-07-21
614,257,1,3,2018-07-21
615,471,7,7,2018-07-21
616,101,2,3,2018-07-21
617,531,4,4,2018-07-21
618,360,2,3,2018-07-21
619,94,10,5,2018-07-22
620,220,2,3,2018-07-22
621,923,8,10,2018-07-22
622,240,7,2,2018-07-23
623,178,2,4,2018-07-23
624,15,10,10,2018-07-23
625,844,5,2,2018-07-23
626,448,2,3,2018-07-23
627,77,2,3,2018-07-23
628,14,5,8,2018-07-23
629,512,2,4,2018-07-23
630,840,2,3,2018-07-23
631,982,2,3,2018-07-24
632,498,2,10,2018-07-24
633,720,7,3,2018-07-24
634,687,5,3,2018-07-26
635,759,6,7,2018-07-26
636,890,8,3,2018-07-26
637,218,6,7,2018-07-27
638,469,7,4,2018-07-27
639,157,2,3,2018-07-27
640,329,9,6,2018-07-27
641,562,3,3,2018-07-27
642,48,2,3,2018-07-27
643,656,8,8,2018-07-27
644,263,5,3,2018-07-27
645,911,4,3,2018-07-27
646,544,9,8,2018-07-27
647,836,2,9,2018-07-27
648,593,8,3,2018-07-27
649,236,9,3,2018-07-28
650,33,8,3,2018-07-28
651,355,2,3,2018-07-28
652,50,2,8,2018-07-31
653,526,5,3,2018-07-31
654,623,7,4,2018-07-31
655,730,2,3,2018-08-01
656,696,10,8,2018-08-01
657,967,4,6,2018-08-01
658,447,9,10,2018-08-02
659,543,2,10,2018-08-02
660,692,10,1,2018-08-02
661,631,2,3,2018-08-03
662,929,1,3,2018-08-03
663,116,8,6,2018-08-03
664,394,1,6,2018-08-04
665,840,7,1,2018-08-04
666,960,5,1,2018-08-04
667,385,8,8,2018-08-05
668,141,2,7,2018-08-05
669,8,2,10,2018-08-05
670,401,2,3,2018-08-05
671,267,10,1,2018-08-05
672,362,8,2,2018-08-05
673,414,1,1,2018-08-06
674,67,4,3,2018-08-06
675,500,2,5,2018-08-06
676,854,6,3,2018-08-06
677,598,7,6,2018-08-06
678,821,2,9,2018-08-06
679,628,9,4,2018-08-06
680,84,2,4,2018-08-06
681,468,7,3,2018-08-06
682,375,10,3,2018-08-07
683,582,10,10,2018-08-07
684,865,2,5,2018-08-07
685,412,1,8,2018-08-10
686,266,7,10,2018-08-10
687,952,7,6,2018-08-10
688,794,9,3,2018-08-12
689,228,2,3,2018-08-12
690,374,2,3,2018-08-12
691,486,2,8,2018-08-12
692,290,2,7,2018-08-12
693,989,2,4,2018-08-12
694,147,5,1,2018-08-14
695,440,3,3,2018-08-14
696,972,3,3,2018-08-14
697,259,2,3,2018-08-16
698,200,7,9,2018-08-16
699,59,2,3,2018-08-16
700,632,5,5,2018-08-23
701,976,6,5,2018-08-23
702,733,8,1,2018-08-23
703,559,4,3,2018-08-23
704,973,2,3,2018-08-23
705,929,2,3,2018-08-23
706,99,2,6,2018-08-26
707,313,10,3,2018-08-26
708,2,9,6,2018-08-26
709,196,8,3,2018-08-26
710,536,6,3,2018-08-26
711,664,2,8,2018-08-26
712,135,8,1,2018-08-27
713,623,6,3,2018-08-27
714,764,2,6,2018-08-27
715,478,2,4,2018-08-28
716,463,5,1,2018-08-28
717,323,2,2,2018-08-28
718,158,1,5,2018-08-29
719,465,2,7,2018-08-29
720,593,8,1,2018-08-29
721,621,2,3,2018-08-30
722,241,2,3,2018-08-30
723,182,2,10,2018-08-30
724,639,2,3,2018-08-30
725,710,2,5,2018-08-30
726,106,2,5,2018-08-30
727,977,7,5,2018-09-01
728,702,4,1,2018-09-01
729,541,6,6,2018-09-01
730,740,3,1,2018-09-02
731,109,8,1,2018-09-02
732,542,6,2,2018-09-02
733,497,2,3,2018-09-03
734,47,4,3,2018-09-03
735,274,2,4,2018-09-03
736,663,2,3,2018-09-04
737,176,7,3,2018-09-04
738,439,1,7,2018-09-04
739,949,4,7,2018-09-07
740,426,6,3,2018-09-07
741,54,2,9,2018-09-07
742,418,6,4,2018-09-07
743,66,9,3,2018-09-07
744,533,9,3,2018-09-07
745,621,6,6,2018-09-08
746,43,2,5,2018-09-08
747,643,6,3,2018-09-08
748,306,6,8,2018-09-09
749,671,4,3,2018-09-09
750,881,7,2,2018-09-09
751,717,2,6,2018-09-09
752,652,2,3,2018-09-09
753,753,2,2,2018-09-09
754,164,1,3,2018-09-09
755,480,3,3,2018-09-09
756,521,9,1,2018-09-09
757,585,8,1,2018-09-10
758,550,2,1,2018-09-10
759,103,8,3,2018-09-10
760,579,10,9,2018-09-13
761,245,6,8,2018-09-13
762,285,7,6,2018-09-13
763,656,2,3,2018-09-14
764,593,10,9,2018-09-14
765,246,3,3,2018-09-14
766,446,8,3,2018-09-14
767,428,7,9,2018-09-14
768,174,2,3,2018-09-14
769,873,1,3,2018-09-15
770,722,2,7,2018-09-15
771,774,7,3,2018-09-15
772,632,2,6,2018-09-16
773,295,2,1,2018-09-16
774,9,10,4,2018-09-16
775,365,2,3,2018-09-17
776,954,3,3,2018-09-17
777,646,2,8,2018-09-17
778,377,7,3,2018-09-17
779,659,6,7,2018-09-17
780,459,2,3,2018-09-17
781,633,10,3,2018-09-17
782,618,2,4,2018-09-17
783,580,9,10,2018-09-17
784,985,2,9,2018-09-19
785,357,6,10,2018-09-19
786,422,9,9,2018-09-19
787,486,2,3,2018-09-20
788,598,10,3,2018-09-20
789,330,10,3,2018-09-20
790,192,3,4,2018-09-21
791,575,2,3,2018-09-21
792,986,2,3,2018-09-21
793,941,8,3,2018-09-21
794,799,7,3,2018-09-21
795,215,2,5,2018-09-21
796,760,2,10,2018-09-26
797,495,5,1,2018-09-26
798,860,2,10,2018-09-26
799,110,8,9,2018-09-28
800,938,1,1,2018-09-28
801,245,8,3,2018-09-28
802,974,2,8,2018-09-28
803,636,2,4,2018-09-28
804,262,9,3,2018-09-28
805,683,2,3,2018-09-30
806,874,5,2,2018-09-30
807,30,2,3,2018-09-30
808,756,2,3,2018-10-01
809,212,2,2,2018-10-01
810,239,5,4,2018-10-01
811,505,2,8,2018-10-01
812,261,2,3,2018-10-01
813,267,4,2,2018-10-01
814,777,2,3,2018-10-02
815,436,5,3,2018-10-02
816,318,8,2,2018-10-02
817,746,4,3,2018-10-02
818,444,9,8,2018-10-02
819,217,2,6,2018-10-02
820,851,2,10,2018-10-02
821,664,2,1,2018-10-02
822,632,4,3,2018-10-02
823,285,2,9,2018-10-03
824,559,2,3,2018-10-03
825,34,4,6,2018-10-03
826,720,10,8,2018-10-03
827,81,6,4,2018-10-03
828,206,9,2,2018-10-03
829,40,2,7,2018-10-04
830,367,2,10,2018-10-04
831,859,2,8,2018-10-04
832,813,7,3,2018-10-04
833,533,2,3,2018-10-04
834,154,8,9,2018-10-04
835,123,4,3,2018-10-04
836,699,1,3,2018-10-04
837,909,2,3,2018-10-04
838,450,8,6,2018-10-04
839,251,2,3,2018-10-04
840,6,4,3,2018-10-04
841,926,2,3,2018-10-05
842,797,6,1,2018-10-05
843,266,3,3,2018-10-05
844,773,10,1,2018-10-05
845,613,1,4,2018-10-05
846,897,5,7,2018-10-05
847,229,6,6,2018-10-05
848,717,7,3,2018-10-05
849,653,4,4,2018-10-05
850,439,4,4,2018-10-05
851,669,3,1,2018-10-05
852,557,2,3,2018-10-05
853,483,2,3,2018-10-06
854,611,4,6,2018-10-06
855,966,2,5,2018-10-06
856,617,3,10,2018-10-09
857,73,1,4,2018-10-09
858,569,4,6,2018-10-09
859,432,2,9,2018-10-12
860,773,2,2,2018-10-12
861,463,10,3,2018-10-12
862,415,3,3,2018-10-13
863,64,2,6,2018-10-13
864,903,5,2,2018-10-13
865,83,6,3,2018-10-13
866,873,2,8,2018-10-13
867,347,2,2,2018-10-13
868,224,7,3,2018-10-14
869,464,8,9,2018-10-14
870,81,2,5,2018-10-14
871,878,7,8,2018-10-14
872,158,8,3,2018-10-14
873,266,8,1,2018-10-14
874,656,1,5,2018-10-14
875,133,4,3,2018-10-14
876,178,3,9,2018-10-14
877,723,5,10,2018-10-15
878,360,2,3,2018-10-15
879,350,7,9,2018-10-15
880,822,3,3,2018-10-15
881,518,6,3,2018-10-15
882,893,7,8,2018-10-15
883,411,7,10,2018-10-15
884,691,4,3,2018-10-15
885,686,8,3,2018-10-15
886,153,7,5,2018-10-17
887,37,2,10,2018-10-17
888,220,6,3,2018-10-17
889,760,5,3,2018-10-17
890,950,10,3,2018-10-17
891,161,2,5,2018-10-17
892,345,3,3,2018-10-18
893,779,2,3,2018-10-18
894,613,2,3,2018-10-18
895,396,6,4,2018-10-22
896,347,1,1,2018-10-22
897,88,4,3,2018-10-22
898,692,5,3,2018-10-22
899,741,2,3,2018-10-22
900,995,2,4,2018-10-22
901,24,1,9,2018-10-22
902,511,2,3,2018-10-22
903,36,9,3,2018-10-22
904,33,10,3,2018-10-23
905,59,2,1,2018-10-23
906,679,4,3,2018-10-23
907,943,2,6,2018-10-26
908,13,2,6,2018-10-26
909,627,3,7,2018-10-26
910,777,2,10,2018-10-26
911,525,10,10,2018-10-26
912,567,9,1,2018-10-26
913,276,9,6,2018-10-27
914,133,2,1,2018-10-27
915,726,7,9,2018-10-27
916,325,2,3,2018-10-27
917,998,5,7,2018-10-27
918,432,6,7,2018-10-27
919,893,8,3,2018-10-28
920,5,2,4,2018-10-28
921,785,4,3,2018-10-28
922,195,4,4,2018-10-29
923,710,2,3,2018-10-29
924,528,7,3,2018-10-29
925,881,5,6,2018-11-01
926,726,9,5,2018-11-01
927,57,3,3,2018-11-01
928,33,10,7,2018-11-02
929,245,2,4,2018-11-02
930,312,5,1,2018-11-02
931,465,2,3,2018-11-04
932,60,2,4,2018-11-04
933,296,2,4,2018-11-04
934,25,2,3,2018-11-04
935,444,2,7,2018-11-04
936,514,2,4,2018-11-04
937,5,2,3,2018-11-05
938,819,6,3,2018-11-05
939,689,8,6,2018-11-05
940,876,2,9,2018-11-05
941,720,10,1,2018-11-05
942,415,2,3,2018-11-05
943,938,10,6,2018-11-07
944,248,7,2,2018-11-07
945,102,2,8,2018-11-07
946,162,2,3,2018-11-08
947,221,9,3,2018-11-08
948,993,1,2,2018-11-08
949,972,2,5,2018-11-09
950,534,6,3,2018-11-09
951,409,2,3,2018-11-09
952,371,6,3,2018-11-11
953,282,1,3,2018-11-11
954,158,2,2,2018-11-11
955,244,2,3,2018-11-11
956,600,2,1,2018-11-11
957,832,7,3,2018-11-11
958,573,2,9,2018-11-12
959,875,2,3,2018-11-12
960,194,9,3,2018-11-12
961,340,10,3,2018-11-13
962,15,8,3,2018-11-13
963,400,8,9,2018-11-13
964,16,8,2,2018-11-13
965,409,1,3,2018-11-13
966,723,2,4,2018-11-13
967,556,2,3,2018-11-13
968,101,3,6,2018-11-13
969,440,1,4,2018-11-13
970,254,6,3,2018-11-13
971,498,7,3,2018-11-13
972,977,3,3,2018-11-13
973,659,4,4,2018-11-13
974,844,2,4,2018-11-13
975,339,9,3,2018-11-13
976,359,2,4,2018-11-14
977,653,2,10,2018-11-14
978,24,2,1,2018-11-14
979,806,6,9,2018-11-15
980,843,2,8,2018-11-15
981,382,8,3,2018-11-15
982,142,2,3,2018-11-16
983,465,2,3,2018-11-16
984,711,5,4,2018-11-16
985,371,4,6,2018-11-17
986,783,2,5,2018-11-17
987,4,2,9,2018-11-17
988,804,2,9,2018-11-17
989,242,2,3,2018-11-17
990,538,3,3,2018-11-17
991,815,7,3,2018-11-21
992,377,3,3,2018-11-21
993,522,7,5,2018-11-21
994,992,2,2,2018-11-21
995,172,8,8,2018-11-21
996,38,9,4,2018-11-21
997,301,9,3,2018-11-24
998,512,8,10,2018-11-24
999,375,10,7,2018-11-24
1000,144,3,3,2018-11-25
1001,198,6,2,2018-11-25
1002,296,2,9,2018-11-25
1003,462,2,8,2018-11-28
1004,536,7,3,2018-11-28
1005,862,6,8,2018-11-28
1006,302,5,3,2018-11-28
1007,266,2,3,2018-11-28
1008,830,1,3,2018-11-28
1009,801,2,5,2018-11-30
1010,947,3,3,2018-11-30
1011,464,7,7,2018-11-30
1012,98,2,10,2018-12-01
1013,729,10,3,2018-12-01
1014,764,8,3,2018-12-01
1015,994,7,10,2018-12-03
1016,416,2,3,2018-12-03
1017,97,2,3,2018-12-03
1018,120,6,2,2018-12-03
1019,161,7,1,2018-12-03
1020,317,7,3,2018-12-03
1021,296,2,9,2018-12-05
1022,807,2,3,2018-12-05
1023,954,2,3,2018-12-05
1024,120,10,3,2018-12-06
1025,427,7,4,2018-12-06
1026,72,2,6,2018-12-06
1027,864,1,6,2018-12-06
1028,577,7,5,2018-12-06
1029,993,10,3,2018-12-06
1030,874,3,3,2018-12-06
1031,279,4,5,2018-12-06
1032,607,9,3,2018-12-06
1033,899,4,3,2018-12-07
1034,463,4,3,2018-12-07
1035,363,6,5,2018-12-07
1036,267,8,3,2018-12-07
1037,585,1,3,2018-12-07
1038,578,2,3,2018-12-07
1039,491,6,8,2018-12-09
1040,570,2,3,2018-12-09
1041,623,2,3,2018-12-09
1042,555,2,2,2018-12-09
1043,60,1,7,2018-12-09
1044,774,5,3,2018-12-09
1045,608,1,3,2018-12-10
1046,144,6,7,2018-12-10
1047,513,1,5,2018-12-10
1048,668,8,3,2018-12-13
1049,13,2,2,2018-12-13
1050,216,2,7,2018-12-13
1051,505,1,5,2018-12-13
1052,539,2,3,2018-12-13
1053,839,4,3,2018-12-13
1054,81,6,3,2018-12-14
1055,776,6,7,2018-12-14
1056,346,6,4,2018-12-14
1057,663,2,1,2018-12-15
1058,394,9,6,2018-12-15
1059,269,5,4,2018-12-15
1060,84,2,3,2018-12-16
1061,518,8,3,2018-12-16
1062,832,4,8,2018-12-16
1063,936,7,10,2018-12-17
1064,461,3,3,2018-12-17
1065,457,4,8,2018-12-17
1066,332,4,3,2018-12-18
1067,119,2,3,2018-12-18
1068,224,2,2,2018-12-18
1069,986,1,8,2018-12-18
1070,699,4,3,2018-12-18
1071,637,7,3,2018-12-18
1072,594,2,6,2018-12-19
1073,879,1,3,2018-12-19
1074,293,2,6,2018-12-19
1075,923,1,4,2018-12-21
1076,555,10,3,2018-12-21
1077,588,4,6,2018-12-21
1078,330,2,3,2018-12-21
1079,327,6,3,2018-12-21
1080,78,2,9,2018-12-21
1081,207,5,3,2018-12-21
1082,511,2,3,2018-12-21
1083,455,9,9,2018-12-21
1084,736,3,3,2018-12-21
1085,888,2,10,2018-12-21
1086,140,2,3,2018-12-21
1087,393,2,5,2018-12-21
1088,361,9,1,2018-12-21
1089,432,2,3,2018-12-21
1090,898,2,6,2018-12-24
1091,557,4,3,2018-12-24
1092,227,2,3,2018-12-24
1093,407,2,7,2018-12-25
1094,747,2,4,2018-12-25
1095,308,2,4,2018-12-25
1096,657,3,3,2018-12-25
1097,942,8,2,2018-12-25
1098,682,2,3,2018-12-25
1099,744,5,9,2018-12-26
1100,285,2,2,2018-12-26
1101,267,1,1,2018-12-26
1102,796,2,7,2018-12-27
1103,7,3,3,2018-12-27
1104,345,6,3,2018-12-27
1105,123,3,10,2018-12-27
1106,213,7,9,2018-12-27
1107,199,4,3,2018-12-27
1108,124,2,2,2018-12-27
1109,914,1,8,2018-12-27
1110,940,2,3,2018-12-27
1111,865,9,4,2018-12-27
1112,920,10,3,2018-12-27
1113,439,2,10,2018-12-27
1114,484,9,4,2018-12-28
1115,439,6,3,2018-12-28
1116,396,3,3,2018-12-28
1117,626,2,9,2018-12-29
1118,242,2,3,2018-12-29
1119,603,7,3,2018-12-29
1120,521,3,6,2019-01-03
1121,992,10,2,2019-01-03
1122,592,2,7,2019-01-03
1123,912,7,2,2019-01-04
1124,811,9,5,2019-01-04
1125,763,3,5,2019-01-04
1126,92,6,7,2019-01-05
1127,402,2,8,2019-01-05
1128,133,7,10,2019-01-05
1129,679,2,3,2019-01-06
1130,293,2,1,2019-01-06
1131,456,6,2,2019-01-06
1132,135,2,6,2019-01-08
1133,418,6,5,2019-01-08
1134,716,2,2,2019-01-08
1135,690,4,8,2019-01-08
1136,765,2,6,2019-01-08
1137,353,3,3,2019-01-08
1138,235,9,3,2019-01-09
1139,440,7,10,2019-01-09
1140,369,2,7,2019-01-09
1141,411,10,9,2019-01-12
1142,151,2,9,2019-01-12
1143,636,2,3,2019-01-12
1144,704,6,4,2019-01-13
1145,741,9,3,2019-01-13
1146,557,10,2,2019-01-13
1147,341,2,3,2019-01-14
1148,838,4,3,2019-01-14
1149,463,1,5,2019-01-14
1150,818,6,2,2019-01-15
1151,409,2,5,2019-01-15
1152,382,4,5,2019-01-15
1153,968,4,3,2019-01-16
1154,580,4,3,2019-01-16
1155,470,2,3,2019-01-16
1156,761,4,3,2019-01-22
1157,65,2,4,2019-01-22
1158,929,2,1,2019-01-22
1159,602,2,3,2019-01-23
1160,958,2,3,2019-01-23
1161,240,5,3,2019-01-23
1162,291,5,3,2019-01-24
1163,708,8,1,2019-01-24
1164,756,10,1,2019-01-24
1165,588,4,9,2019-01-24
1166,705,2,3,2019-01-24
1167,790,2,10,2019-01-24
1168,258,6,6,2019-01-24
1169,595,3,10,2019-01-24
1170,61,2,4,2019-01-24
1171,762,5,3,2019-01-25
1172,562,2,3,2019-01-25
1173,365,6,5,2019-01-25
1174,511,2,3,2019-01-28
1175,652,1,4,2019-01-28
1176,909,2,3,2019-01-28
1177,817,4,2,2019-01-29
1178,49,4,2,2019-01-29
1179,542,10,3,2019-01-29
1180,64,5,5,2019-01-29
1181,483,2,3,2019-01-29
1182,71,7,3,2019-01-29
1183,565,2,2,2019-02-01
1184,30,6,3,2019-02-01
1185,771,2,3,2019-02-01
1186,675,2,2,2019-02-01
1187,450,5,9,2019-02-01
1188,136,9,3,2019-02-01
1189,517,1,3,2019-02-01
1190,737,4,3,2019-02-01
1191,760,8,3,2019-02-01
1192,911,2,3,2019-02-01
1193,86,4,8,2019-02-01
1194,44,9,3,2019-02-01
1195,249,10,3,2019-02-02
1196,931,6,3,2019-02-02
1197,639,5,3,2019-02-02
1198,194,5,2,2019-02-03
1199,109,6,6,2019-02-03
1200,234,1,3,2019-02-03
1201,994,2,5,2019-02-04
1202,884,3,3,2019-02-04
1203,645,2,8,2019-02-04
1204,518,3,7,2019-02-08
1205,421,1,8,2019-02-08
1206,975,5,3,2019-02-08
1207,316,5,3,2019-02-09
1208,646,3,3,2019-02-09
1209,827,4,5,2019-02-09
1210,644,2,3,2019-02-10
1211,142,2,3,2019-02-10
1212,476,3,3,2019-02-10
1213,733,7,3,2019-02-11
1214,168,7,1,2019-02-11
1215,790,10,3,2019-02-11
1216,853,2,3,2019-02-13
1217,525,2,4,2019-02-13
1218,231,2,3,2019-02-13
1219,738,2,3,2019-02-15
1220,137,9,3,2019-02-15
1221,252,2,8,2019-02-15
1222,204,4,5,2019-02-15
1223,171,2,7,2019-02-15
1224,220,2,1,2019-02-15
1225,324,5,7,2019-02-16
1226,786,9,7,2019-02-16
1227,4,9,5,2019-02-16
1228,513,8,3,2019-02-17
1229,630,9,3,2019-02-17
1230,567,6,9,2019-02-17
1231,333,2,5,2019-02-18
1232,276,2,2,2019-02-18
1233,482,2,5,2019-02-18
1234,789,4,3,2019-02-20
1235,416,2,9,2019-02-20
1236,965,8,10,2019-02-20
1237,486,4,3,2019-02-20
1238,728,5,7,2019-02-20
1239,899,2,3,2019-02-20
1240,217,9,1,2019-02-20
1241,326,8,8,2019-02-20
1242,215,4,6,2019-02-20
1243,292,10,3,2019-02-20
1244,147,2,3,2019-02-20
1245,201,7,3,2019-02-20
1246,543,5,3,2019-02-21
1247,592,7,1,2019-02-21
1248,144,2,3,2019-02-21
1249,862,2,1,2019-02-21
1250,413,9,6,2019-02-21
1251,815,2,8,2019-02-21
1252,847,1,3,2019-02-22
1253,439,2,4,2019-02-22
1254,986,4,1,2019-02-22
1255,888,8,3,2019-02-23
1256,91,10,9,2019-02-23
1257,727,3,3,2019-02-23
1258,389,6,5,2019-02-23
1259,893,2,3,2019-02-23
1260,781,2,3,2019-02-23
1261,380,9,3,2019-02-23
1262,696,7,3,2019-02-23
1263,688,10,3,2019-02-23
1264,653,5,5,2019-02-26
1265,450,4,3,2019-02-26
1266,506,5,3,2019-02-26
1267,924,10,1,2019-02-26
1268,495,2,3,2019-02-26
1269,652,2,3,2019-02-26
1270,287,2,7,2019-02-27
1271,273,4,4,2019-02-27
1272,500,2,4,2019-02-27
1273,71,8,3,2019-02-27
1274,969,2,5,2019-02-27
1275,311,2,3,2019-02-27
1276,385,6,10,2019-03-02
1277,620,6,3,2019-03-02
1278,128,1,5,2019-03-02
1279,431,2,3,2019-03-02
1280,418,3,7,2019-03-02
1281,417,6,2,2019-03-02
1282,990,1,5,2019-03-03
1283,978,2,1,2019-03-03
1284,588,7,3,2019-03-03
1285,490,2,5,2019-03-03
1286,281,2,6,2019-03-03
1287,221,2,8,2019-03-03
1288,271,9,5,2019-03-06
1289,897,6,10,2019-03-06
1290,360,2,10,2019-03-06
1291,777,7,3,2019-03-06
1292,303,6,2,2019-03-06
1293,358,1,2,2019-03-06
1294,701,1,3,2019-03-07
1295,51,3,3,2019-03-07
1296,820,6,3,2019-03-07
1297,97,8,1,2019-03-09
1298,196,4,3,2019-03-09
1299,882,6,6,2019-03-09
1300,575,2,3,2019-03-10
1301,374,7,7,2019-03-10
1302,86,5,3,2019-03-10
1303,359,10,3,2019-03-11
1304,524,2,3,2019-03-11
1305,962,3,9,2019-03-11
1306,714,10,3,2019-03-13
1307,879,5,3,2019-03-13
1308,918,7,9,2019-03-13
1309,15,3,3,2019-03-14
1310,713,2,7,2019-03-14
1311,407,1,3,2019-03-14
1312,450,9,1,2019-03-15
1313,859,2,3,2019-03-15
1314,895,4,5,2019-03-15
1315,574,2,7,2019-03-16
1316,337,7,3,2019-03-16
1317,98,2,9,2019-03-16
1318,931,2,9,2019-03-16
1319,516,2,3,2019-03-16
1320,96,2,5,2019-03-16
1321,676,3,3,2019-03-16
1322,952,1,3,2019-03-16
1323,520,10,3,2019-03-16
1324,422,4,8,2019-03-18
1325,943,6,10,2019-03-18
1326,775,5,3,2019-03-18
1327,494,5,10,2019-03-18
1328,590,7,10,2019-03-18
1329,806,10,3,2019-03-18
1330,704,3,1,2019-03-19
1331,543,1,4,2019-03-19
1332,529,5,3,2019-03-19
1333,65,9,4,2019-03-20
1334,371,2,2,2019-03-20
1335,241,1,7,2019-03-20
1336,62,2,5,2019-03-22
1337,574,3,5,2019-03-22
1338,286,8,3,2019-03-22
1339,324,4,3,2019-03-22
1340,78,2,8,2019-03-22
1341,541,2,6,2019-03-22
1342,415,2,3,2019-03-22
1343,235,2,3,2019-03-22
1344,568,10,3,2019-03-22
1345,146,4,10,2019-03-23
1346,752,5,3,2019-03-23
1347,727,2,4,2019-03-23
1348,229,2,9,2019-03-24
1349,819,10,3,2019-03-24
1350,186,10,3,2019-03-24
1351,95,2,3,2019-03-25
1352,461,1,5,2019-03-25
1353,839,10,4,2019-03-25
1354,345,4,6,2019-03-26
1355,517,9,3,2019-03-26
1356,697,3,3,2019-03-26
1357,324,2,8,2019-03-26
1358,109,2,4,2019-03-26
1359,458,2,7,2019-03-26
1360,948,2,7,2019-03-26
1361,403,6,10,2019-03-26
1362,199,2,10,2019-03-26
1363,706,2,3,2019-03-26
1364,177,3,10,2019-03-26
1365,757,2,3,2019-03-26
1366,302,2,3,2019-03-27
1367,824,5,3,2019-03-27
1368,859,2,3,2019-03-27
1369,263,10,10,2019-03-29
1370,587,2,7,2019-03-29
1371,130,8,3,2019-03-29
1372,935,8,3,2019-04-01
1373,490,6,6,2019-04-01
1374,698,2,4,2019-04-01
1375,937,4,6,2019-04-02
1376,832,5,3,2019-04-02
1377,607,2,4,2019-04-02
1378,886,4,7,2019-04-02
1379,918,1,3,2019-04-02
1380,370,3,10,2019-04-02
1381,175,3,3,2019-04-02
1382,759,1,5,2019-04-02
1383,3,2,3,2019-04-02
1384,647,1,3,2019-04-04
1385,761,2,2,2019-04-04
1386,853,1,3,2019-04-04
1387,442,3,3,2019-04-05
1388,487,4,2,2019-04-05
1389,246,9,10,2019-04-05
1390,762,8,2,2019-04-07
1391,545,5,3,2019-04-07
1392,696,6,2,2019-04-07
1393,587,2,3,2019-04-09
1394,104,2,3,2019-04-09
1395,392,8,2,2019-04-09
1396,986,3,3,2019-04-12
1397,214,8,3,2019-04-12
1398,459,5,5,2019-04-12
1399,823,1,3,2019-04-12
1400,243,2,3,2019-04-12
1401,371,3,10,2019-04-12
1402,736,2,9,2019-04-18
1403,455,2,3,2019-04-18
1404,543,4,3,2019-04-18
1405,174,2,3,2019-04-20
1406,575,10,3,2019-04-20
1407,603,5,3,2019-04-20
1408,129,2,1,2019-04-21
1409,574,4,9,2019-04-21
1410,703,2,1,2019-04-21
1411,479,2,9,2019-04-21
1412,551,4,3,2019-04-21
1413,67,10,5,2019-04-21
1414,700,2,1,2019-04-21
1415,138,8,3,2019-04-21
1416,714,4,3,2019-04-21
1417,441,8,4,2019-04-21
1418,809,2,4,2019-04-21
1419,18,7,2,2019-04-21
1420,361,6,2,2019-04-21
1421,43,10,3,2019-04-21
1422,157,2,4,2019-04-21
1423,750,9,7,2019-04-22
1424,419,1,3,2019-04-22
1425,503,2,9,2019-04-22
1426,430,1,5,2019-04-22
1427,211,5,3,2019-04-22
1428,509,2,3,2019-04-22
1429,528,8,3,2019-04-22
1430,638,7,3,2019-04-22
1431,674,7,2,2019-04-22
1432,15,7,3,2019-04-25
1433,3,3,3,2019-04-25
1434,742,9,1,2019-04-25
1435,668,2,9,2019-04-29
1436,763,3,10,2019-04-29
1437,652,3,3,2019-04-29
1438,289,2,3,2019-04-29
1439,264,3,3,2019-04-29
1440,215,8,2,2019-04-29
1441,59,2,10,2019-04-29
1442,411,7,2,2019-04-29
1443,180,2,8,2019-04-29
1444,512,2,3,2019-04-30
1445,738,10,4,2019-04-30
1446,243,5,3,2019-04-30
1447,779,10,1,2019-04-30
1448,452,6,5,2019-04-30
1449,729,4,9,2019-04-30
1450,112,4,3,2019-05-03
1451,642,2,2,2019-05-03
1452,304,10,3,2019-05-03
1453,143,7,3,2019-05-04
1454,353,4,3,2019-05-04
1455,448,6,10,2019-05-04
1456,448,2,7,2019-05-04
1457,549,5,8,2019-05-04
1458,203,2,8,2019-05-04
1459,784,8,3,2019-05-05
1460,944,2,3,2019-05-05
1461,352,2,5,2019-05-05
1462,927,4,3,2019-05-05
1463,648,2,3,2019-05-05
1464,83,2,3,2019-05-05
1465,569,4,1,2019-05-07
1466,350,2,7,2019-05-07
1467,279,7,8,2019-05-07
1468,126,10,3,2019-05-09
1469,437,2,6,2019-05-09
1470,689,3,7,2019-05-09
1471,162,10,3,2019-05-10
1472,748,7,1,2019-05-10
1473,124,4,3,2019-05-10
1474,94,2,6,2019-05-10
1475,701,4,8,2019-05-10
1476,376,5,3,2019-05-10
1477,381,8,9,2019-05-12
1478,647,2,3,2019-05-12
1479,725,2,3,2019-05-12
1480,435,2,5,2019-05-14
1481,306,8,3,2019-05-14
1482,760,10,7,2019-05-14
1483,936,2,2,2019-05-14
1484,697,2,10,2019-05-14
1485,63,1,3,2019-05-14
1486,959,3,6,2019-05-16
1487,441,9,3,2019-05-16
1488,467,5,7,2019-05-16
1489,922,10,3,2019-05-16
1490,32,7,3,2019-05-16
1491,869,7,3,2019-05-16
1492,896,2,3,2019-05-16
1493,904,6,3,2019-05-16
1494,20,2,5,2019-05-16
1495,167,7,3,2019-05-18
1496,482,2,8,2019-05-18
1497,546,8,2,2019-05-18
1498,251,9,2,2019-05-20
1499,244,2,3,2019-05-20
1500,188,2,10,2019-05-20
1501,1000,4,10,2019-05-20
1502,420,2,5,2019-05-20
1503,506,9,7,2019-05-20
1504,172,3,3,2019-05-22
1505,660,3,1,2019-05-22
1506,197,2,1,2019-05-22
1507,99,2,9,2019-05-23
1508,449,6,5,2019-05-23
1509,919,4,3,2019-05-23
1510,284,5,5,2019-05-24
1511,823,6,3,2019-05-24
1512,511,10,3,2019-05-24
1513,313,1,3,2019-05-24
1514,963,3,3,2019-05-24
1515,321,2,6,2019-05-24
1516,749,8,3,2019-05-25
1517,684,2,5,2019-05-25
1518,728,8,2,2019-05-25
1519,947,7,3,2019-05-26
1520,490,5,3,2019-05-26
1521,912,9,8,2019-05-26
1522,785,3,10,2019-05-27
1523,300,5,4,2019-05-27
1524,663,10,5,2019-05-27
1525,278,10,3,2019-05-27
1526,185,2,10,2019-05-27
1527,720,1,3,2019-05-27
1528,754,2,1,2019-05-30
1529,220,2,10,2019-05-30
1530,513,1,3,2019-05-30
1531,414,3,3,2019-05-31
1532,998,2,3,2019-05-31
1533,602,7,10,2019-05-31
1534,324,2,1,2019-06-01
1535,597,9,6,2019-06-01
1536,256,8,7,2019-06-01
1537,414,9,3,2019-06-01
1538,327,2,9,2019-06-01
1539,723,10,3,2019-06-01
1540,750,1,2,2019-06-04
1541,466,2,3,2019-06-04
1542,104,2,9,2019-06-04
1543,248,2,2,2019-06-06
1544,751,9,3,2019-06-06
1545,68,2,5,2019-06-06
1546,81,2,3,2019-06-07
1547,869,7,6,2019-06-07
1548,907,2,3,2019-06-07
1549,4,2,3,2019-06-07
1550,896,2,10,2019-06-07
1551,575,7,5,2019-06-07
1552,935,8,3,2019-06-07
1553,365,10,4,2019-06-07
1554,987,2,8,2019-06-07
1555,840,7,9,2019-06-07
1556,315,9,3,2019-06-07
1557,916,2,3,2019-06-07
1558,40,2,3,2019-06-09
1559,215,2,7,2019-06-09
1560,708,10,3,2019-06-09
1561,67,9,1,2019-06-09
1562,487,2,3,2019-06-09
1563,592,2,1,2019-06-09
1564,24,6,3,2019-06-09
1565,317,6,3,2019-06-09
1566,692,10,1,2019-06-09
1567,572,2,6,2019-06-10
1568,707,2,3,2019-06-10
1569,888,10,9,2019-06-10
1570,861,2,3,2019-06-10
1571,717,10,9,2019-06-10
1572,809,2,5,2019-06-10
1573,933,3,3,2019-06-11
1574,161,2,3,2019-06-11
1575,138,6,2,2019-06-11
1576,645,1,7,2019-06-12
1577,108,5,8,2019-06-12
1578,154,10,9,2019-06-12
1579,921,2,3,2019-06-12
1580,960,3,4,2019-06-12
1581,924,5,7,2019-06-12
1582,909,2,6,2019-06-13
1583,289,1,3,2019-06-13
1584,88,6,1,2019-06-13
1585,199,2,7,2019-06-13
1586,714,2,3,2019-06-13
1587,553,2,8,2019-06-13
1588,622,2,3,2019-06-13
1589,441,7,3,2019-06-13
1590,869,6,8,2019-06-13
1591,121,6,10,2019-06-14
1592,505,4,10,2019-06-14
1593,307,8,8,2019-06-14
1594,225,9,6,2019-06-15
1595,817,9,2,2019-06-15
1596,215,8,6,2019-06-15
1597,835,1,3,2019-06-15
1598,492,2,3,2019-06-15
1599,950,8,5,2019-06-15
1600,302,2,3,2019-06-15
1601,765,9,10,2019-06-15
1602,452,8,3,2019-06-15
1603,372,9,3,2019-06-19
1604,833,9,9,2019-06-19
1605,373,1,7,2019-06-19
1606,98,10,3,2019-06-19
1607,100,2,3,2019-06-19
1608,587,1,3,2019-06-19
1609,885,1,2,2019-06-22
1610,713,2,8,2019-06-22
1611,796,8,3,2019-06-22
1612,385,10,1,2019-06-22
1613,64,2,3,2019-06-22
1614,599,5,3,2019-06-22
1615,917,2,7,2019-06-24
1616,89,7,3,2019-06-24
1617,960,2,3,2019-06-24
1618,625,2,8,2019-06-25
1619,846,1,3,2019-06-25
1620,925,2,4,2019-06-25
1621,902,4,1,2019-06-27
1622,126,1,6,2019-06-27
1623,698,2,8,2019-06-27
1624,848,5,3,2019-06-28
1625,53,8,3,2019-06-28
1626,780,2,8,2019-06-28
1627,580,5,7,2019-06-30
1628,197,7,8,2019-06-30
1629,891,2,3,2019-06-30
1630,611,2,6,2019-07-01
1631,143,5,2,2019-07-01
1632,744,5,2,2019-07-01
1633,544,5,7,2019-07-01
1634,634,3,1,2019-07-01
1635,991,10,3,2019-07-01
1636,94,4,3,2019-07-02
1637,99,2,3,2019-07-02
1638,582,8,9,2019-07-02
1639,834,2,3,2019-07-02
1640,892,10,3,2019-07-02
1641,404,7,3,2019-07-02
1642,864,4,5,2019-07-03
1643,151,5,3,2019-07-03
1644,209,8,4,2019-07-03
1645,964,2,3,2019-07-04
1646,285,2,3,2019-07-04
1647,296,6,2,2019-07-04
1648,204,10,6,2019-07-04
1649,46,4,3,2019-07-04
1650,666,6,3,2019-07-04
1651,747,2,3,2019-07-05
1652,143,2,9,2019-07-05
1653,701,5,3,2019-07-05
1654,366,3,3,2019-07-06
1655,152,2,8,2019-07-06
1656,158,7,4,2019-07-06
1657,927,5,4,2019-07-08
1658,180,2,3,2019-07-08
1659,992,7,3,2019-07-08
1660,49,2,4,2019-07-10
1661,835,1,1,2019-07-10
1662,868,2,3,2019-07-10
1663,418,6,3,2019-07-11
1664,509,6,1,2019-07-11
1665,455,6,3,2019-07-11
1666,745,5,9,2019-07-12
1667,438,2,3,2019-07-12
1668,827,6,8,2019-07-12
1669,916,3,3,2019-07-13
1670,331,10,3,2019-07-13
1671,322,5,3,2019-07-13
1672,99,7,3,2019-07-13
1673,986,3,3,2019-07-13
1674,946,2,5,2019-07-13
1675,8,3,7,2019-07-14
1676,818,4,7,2019-07-14
1677,227,2,3,2019-07-14
1678,705,2,3,2019-07-14
1679,199,5,3,2019-07-14
1680,193,8,4,2019-07-14
1681,677,1,2,2019-07-16
1682,989,2,6,2019-07-16
1683,832,6,2,2019-07-16
1684,336,2,3,2019-07-19
1685,357,2,5,2019-07-19
1686,262,7,3,2019-07-19
1687,134,1,3,2019-07-21
1688,308,2,3,2019-07-21
1689,575,7,3,2019-07-21
1690,669,9,7,2019-07-21
1691,641,3,8,2019-07-21
1692,151,4,3,2019-07-21
1693,364,2,3,2019-07-21
1694,867,2,3,2019-07-21
1695,645,5,6,2019-07-21
1696,712,2,3,2019-07-22
1697,776,2,3,2019-07-22
1698,596,8,3,2019-07-22
1699,526,6,5,2019-07-22
1700,496,2,3,2019-07-22
1701,349,4,3,2019-07-22
1702,378,2,2,2019-07-23
1703,326,10,3,2019-07-23
1704,49,5,3,2019-07-23
1705,885,9,5,2019-07-26
1706,211,2,1,2019-07-26
1707,374,2,3,2019-07-26
1708,583,2,3,2019-07-26
1709,118,2,9,2019-07-26
1710,702,7,3,2019-07-26
1711,656,9,3,2019-07-26
1712,83,3,7,2019-07-26
1713,959,6,3,2019-07-26
1714,955,1,9,2019-07-28
1715,162,1,3,2019-07-28
1716,484,3,8,2019-07-28
1717,490,8,9,2019-07-28
1718,523,9,8,2019-07-28
1719,507,1,1,2019-07-28
1720,885,2,3,2019-07-29
1721,772,9,3,2019-07-29
1722,337,2,9,2019-07-29
1723,323,2,6,2019-07-29
1724,225,10,3,2019-07-29
1725,235,1,2,2019-07-29
1726,792,2,7,2019-07-30
1727,357,7,8,2019-07-30
1728,684,7,8,2019-07-30
1729,777,2,3,2019-07-30
1730,660,4,3,2019-07-30
1731,189,2,3,2019-07-30
1732,921,3,9,2019-07-31
1733,513,2,3,2019-07-31
1734,560,3,5,2019-07-31
1735,145,9,3,2019-08-01
1736,773,1,3,2019-08-01
1737,611,9,10,2019-08-01
1738,507,3,4,2019-08-01
1739,557,2,3,2019-08-01
1740,545,6,4,2019-08-01
1741,253,2,3,2019-08-03
1742,661,1,7,2019-08-03
1743,528,2,10,2019-08-03
1744,45,2,6,2019-08-03
1745,269,9,3,2019-08-03
1746,864,10,3,2019-08-03
1747,488,2,9,2019-08-04
1748,322,7,3,2019-08-04
1749,292,1,2,2019-08-04
1750,895,3,9,2019-08-04
1751,631,7,3,2019-08-04
1752,963,10,5,2019-08-04
1753,849,2,1,2019-08-06
1754,571,1,3,2019-08-06
1755,111,3,2,2019-08-06
1756,89,2,3,2019-08-06
1757,199,2,3,2019-08-06
1758,371,4,5,2019-08-06
1759,282,4,10,2019-08-06
1760,535,9,3,2019-08-06
1761,59,2,7,2019-08-06
1762,179,1,3,2019-08-07
1763,846,2,8,2019-08-07
1764,379,2,3,2019-08-07
1765,37,8,10,2019-08-08
1766,533,8,9,2019-08-08
1767,353,2,3,2019-08-08
1768,318,8,10,2019-08-08
1769,382,7,2,2019-08-08
1770,66,9,2,2019-08-08
1771,895,6,5,2019-08-11
1772,979,1,3,2019-08-11
1773,217,8,3,2019-08-11
1774,64,5,9,2019-08-12
1775,867,8,7,2019-08-12
1776,199,2,3,2019-08-12
1777,75,1,9,2019-08-13
1778,168,1,5,2019-08-13
1779,212,2,3,2019-08-13
1780,382,10,3,2019-08-14
1781,634,7,7,2019-08-14
1782,913,4,3,2019-08-14
1783,578,3,3,2019-08-15
1784,51,2,3,2019-08-15
1785,873,1,3,2019-08-15
1786,601,1,3,2019-08-15
1787,46,2,3,2019-08-15
1788,367,2,9,2019-08-15
1789,842,2,6,2019-08-15
1790,815,8,6,2019-08-15
1791,965,10,3,2019-08-15
1792,499,10,3,2019-08-16
1793,118,2,3,2019-08-16
1794,743,6,2,2019-08-16
1795,107,6,9,2019-08-18
1796,311,6,2,2019-08-18
1797,733,6,3,2019-08-18
1798,312,2,10,2019-08-18
1799,419,4,3,2019-08-18
1800,772,4,5,2019-08-18
1801,874,5,10,2019-08-19
1802,541,7,3,2019-08-19
1803,496,2,3,2019-08-19
1804,176,7,6,2019-08-20
1805,476,7,3,2019-08-20
1806,34,7,2,2019-08-20
1807,212,10,4,2019-08-23
1808,374,2,7,2019-08-23
1809,87,7,3,2019-08-23
1810,120,8,3,2019-08-23
1811,907,2,7,2019-08-23
1812,815,2,3,2019-08-23
1813,990,2,3,2019-08-24
1814,918,2,3,2019-08-24
1815,210,7,3,2019-08-24
1816,868,2,4,2019-08-24
1817,951,1,3,2019-08-24
1818,210,2,3,2019-08-24
1819,370,1,3,2019-08-25
1820,401,2,2,2019-08-25
1821,869,10,7,2019-08-25
1822,436,2,9,2019-08-25
1823,729,2,2,2019-08-25
1824,55,6,3,2019-08-25
1825,840,2,3,2019-08-25
1826,29,2,9,2019-08-25
1827,480,9,3,2019-08-25
1828,644,10,6,2019-08-25
1829,763,6,10,2019-08-25
1830,261,6,8,2019-08-25
1831,648,5,6,2019-08-26
1832,340,7,3,2019-08-26
1833,597,2,2,2019-08-26
1834,593,2,3,2019-08-28
1835,485,6,3,2019-08-28
1836,548,2,3,2019-08-28
1837,943,1,3,2019-08-29
1838,714,8,2,2019-08-29
1839,412,2,3,2019-08-29
1840,296,9,8,2019-08-29
1841,199,2,6,2019-08-29
1842,861,2,2,2019-08-29
1843,308,10,3,2019-08-30
1844,879,4,9,2019-08-30
1845,355,10,10,2019-08-30
1846,431,4,2,2019-08-31
1847,775,9,3,2019-08-31
1848,337,7,3,2019-08-31
1849,961,9,3,2019-09-02
1850,521,4,4,2019-09-02
1851,327,6,3,2019-09-02
1852,431,1,3,2019-09-03
1853,137,2,8,2019-09-03
1854,166,3,1,2019-09-03
1855,250,9,3,2019-09-03
1856,427,2,3,2019-09-03
1857,870,10,9,2019-09-03
1858,482,4,3,2019-09-04
1859,210,2,3,2019-09-04
1860,236,10,8,2019-09-04
1861,280,2,3,2019-09-04
1862,325,7,6,2019-09-04
1863,938,2,6,2019-09-04
1864,711,2,6,2019-09-08
1865,789,9,6,2019-09-08
1866,140,1,4,2019-09-08
1867,477,4,3,2019-09-09
1868,169,2,1,2019-09-09
1869,649,5,3,2019-09-09
1870,756,2,2,2019-09-12
1871,932,2,3,2019-09-12
1872,189,7,10,2019-09-12
1873,673,8,3,2019-09-13
1874,509,2,3,2019-09-13
1875,501,2,5,2019-09-13
1876,170,9,3,2019-09-14
1877,491,8,9,2019-09-14
1878,901,6,3,2019-09-14
1879,294,4,3,2019-09-14
1880,766,3,3,2019-09-14
1881,302,2,5,2019-09-14
1882,222,1,3,2019-09-15
1883,91,2,10,2019-09-15
1884,314,6,3,2019-09-15
1885,874,8,3,2019-09-18
1886,611,2,3,2019-09-18
1887,528,2,9,2019-09-18
1888,509,2,3,2019-09-19
1889,757,1,2,2019-09-19
1890,810,4,7,2019-09-19
1891,737,4,3,2019-09-20
1892,943,2,1,2019-09-20
1893,302,6,3,2019-09-20
1894,195,2,3,2019-09-21
1895,395,10,4,2019-09-21
1896,479,2,3,2019-09-21
1897,144,6,5,2019-09-22
1898,562,6,7,2019-09-22
1899,548,8,3,2019-09-22
1900,269,2,3,2019-09-22
1901,669,2,3,2019-09-22
1902,720,2,3,2019-09-22
1903,646,2,2,2019-09-22
1904,194,5,3,2019-09-22
1905,731,9,3,2019-09-22
1906,210,9,10,2019-09-24
1907,466,1,3,2019-09-24
1908,199,2,3,2019-09-24
1909,490,3,3,2019-09-25
1910,263,2,9,2019-09-25
1911,722,2,4,2019-09-25
1912,865,5,3,2019-09-25
1913,164,1,3,2019-09-25
1914,679,9,3,2019-09-25
1915,178,2,3,2019-09-26
1916,529,5,3,2019-09-26
1917,130,2,3,2019-09-26
1918,272,2,6,2019-09-27
1919,335,5,3,2019-09-27
1920,615,2,4,2019-09-27
1921,248,6,3,2019-09-27
1922,248,2,9,2019-09-27
1923,597,2,6,2019-09-27
1924,227,2,3,2019-10-01
1925,420,6,6,2019-10-01
1926,35,2,8,2019-10-01
1927,300,2,9,2019-10-03
1928,216,2,3,2019-10-03
1929,105,2,3,2019-10-03
1930,34,1,3,2019-10-04
1931,378,8,2,2019-10-04
1932,837,8,3,2019-10-04
1933,451,4,7,2019-10-04
1934,57,2,3,2019-10-04
1935,336,3,3,2019-10-04
1936,524,2,7,2019-10-04
1937,184,8,7,2019-10-04
1938,218,2,5,2019-10-04
1939,652,5,10,2019-10-05
1940,930,8,2,2019-10-05
1941,692,3,3,2019-10-05
1942,581,9,4,2019-10-06
1943,999,2,8,2019-10-06
1944,130,9,8,2019-10-06
1945,310,5,1,2019-10-06
1946,777,3,4,2019-10-06
1947,195,8,4,2019-10-06
1948,722,2,2,2019-10-08
1949,94,8,4,2019-10-08
1950,977,8,3,2019-10-08
1951,513,2,3,2019-10-09
1952,625,6,2,2019-10-09
1953,589,2,2,2019-10-09
1954,621,9,3,2019-10-09
1955,578,4,3,2019-10-09
1956,990,10,9,2019-10-09
1957,796,2,7,2019-10-11
1958,85,10,2,2019-10-11
1959,986,7,3,2019-10-11
1960,741,4,9,2019-10-11
1961,672,2,3,2019-10-11
1962,806,10,10,2019-10-11
1963,189,6,2,2019-10-13
1964,374,2,10,2019-10-13
1965,253,2,3,2019-10-13
1966,483,2,9,2019-10-14
1967,570,2,9,2019-10-14
1968,146,2,6,2019-10-14
1969,670,1,9,2019-10-16
1970,711,6,4,2019-10-16
1971,556,2,7,2019-10-16
1972,302,5,4,2019-10-17
1973,484,10,5,2019-10-17
1974,610,6,5,2019-10-17
1975,339,2,5,2019-10-19
1976,7,2,2,2019-10-19
1977,524,3,10,2019-10-19
1978,107,2,1,2019-10-21
1979,22,10,8,2019-10-21
1980,199,1,3,2019-10-21
1981,883,9,7,2019-10-22
1982,470,3,3,2019-10-22
1983,541,2,3,2019-10-22
1984,339,9,6,2019-10-23
1985,127,8,8,2019-10-23
1986,290,3,3,2019-10-23
1987,616,8,3,2019-10-25
1988,2,2,10,2019-10-25
1989,530,7,3,2019-10-25
1990,656,2,6,2019-10-28
1991,200,7,4,2019-10-28
1992,195,8,10,2019-10-28
1993,678,5,6,2019-10-29
1994,764,7,3,2019-10-29
1995,667,3,3,2019-10-29
1996,712,1,10,2019-10-30
1997,790,6,2,2019-10-30
1998,661,9,9,2019-10-30
1999,469,2,3,2019-10-31
2000,690,8,3,2019-10-31
2001,206,3,1,2019-10-31
2002,288,7,2,2019-10-31
2003,951,8,5,2019-10-31
2004,858,3,9,2019-10-31
2005,273,9,5,2019-10-31
2006,634,7,3,2019-10-31
2007,437,2,3,2019-10-31
2008,498,8,10,2019-10-31
2009,425,2,7,2019-10-31
2010,755,3,9,2019-10-31
2011,515,7,7,2019-10-31
2012,300,4,4,2019-10-31
2013,380,7,1,2019-10-31
2014,641,6,3,2019-11-03
2015,57,2,4,2019-11-03
2016,762,3,3,2019-11-03
2017,1000,2,3,2019-11-06
2018,621,8,3,2019-11-06
2019,417,3,4,2019-11-06
2020,184,2,9,2019-11-08
2021,769,5,3,2019-11-08
2022,264,6,3,2019-11-08
2023,365,7,5,2019-11-10
2024,29,8,7,2019-11-10
2025,947,2,1,2019-11-10
2026,822,7,3,2019-11-11
2027,582,3,6,2019-11-11
2028,912,8,8,2019-11-11
2029,285,2,2,2019-11-14
2030,315,1,3,2019-11-14
2031,545,8,5,2019-11-14
2032,538,4,7,2019-11-15
2033,34,6,3,2019-11-15
2034,928,4,3,2019-11-15
2035,232,6,4,2019-11-17
2036,587,6,1,2019-11-17
2037,768,2,3,2019-11-17
2038,9,2,3,2019-11-17
2039,261,10,9,2019-11-17
2040,449,2,3,2019-11-17
2041,303,2,7,2019-11-19
2042,444,3,1,2019-11-19
2043,858,10,5,2019-11-19
2044,363,2,2,2019-11-20
2045,315,9,1,2019-11-20
2046,228,5,3,2019-11-20
2047,16,2,3,2019-11-21
2048,335,4,2,2019-11-21
2049,502,4,2,2019-11-21
2050,839,8,5,2019-11-22
2051,325,6,7,2019-11-22
2052,901,9,3,2019-11-22
2053,620,2,3,2019-11-24
2054,67,3,8,2019-11-24
2055,406,6,5,2019-11-24
2056,889,9,8,2019-11-25
2057,859,10,1,2019-11-25
2058,966,7,3,2019-11-25
2059,50,6,3,2019-11-25
2060,752,6,4,2019-11-25
2061,884,2,6,2019-11-25
2062,887,2,3,2019-11-25
2063,233,8,6,2019-11-25
2064,845,6,9,2019-11-25
2065,195,9,9,2019-11-26
2066,969,1,6,2019-11-26
2067,77,2,3,2019-11-26
2068,163,2,8,2019-11-26
2069,394,4,7,2019-11-26
2070,813,6,3,2019-11-26
2071,119,8,3,2019-11-26
2072,359,10,3,2019-11-26
2073,311,4,3,2019-11-26
2074,471,3,3,2019-11-27
2075,329,4,2,2019-11-27
2076,12,8,5,2019-11-27
2077,714,3,10,2019-11-28
2078,19,3,3,2019-11-28
2079,668,9,2,2019-11-28
2080,722,1,5,2019-11-28
2081,679,10,3,2019-11-28
2082,637,4,6,2019-11-28
2083,130,7,10,2019-11-30
2084,893,7,7,2019-11-30
2085,459,7,3,2019-11-30
2086,885,3,3,2019-12-01
2087,439,6,3,2019-12-01
2088,421,8,3,2019-12-01
2089,16,4,3,2019-12-01
2090,75,1,3,2019-12-01
2091,678,2,3,2019-12-01
2092,806,5,1,2019-12-04
2093,803,2,3,2019-12-04
2094,592,2,3,2019-12-04
2095,456,6,3,2019-12-04
2096,219,2,5,2019-12-04
2097,688,2,6,2019-12-04
2098,972,2,1,2019-12-05
2099,217,10,3,2019-12-05
2100,995,1,3,2019-12-05
2101,553,6,3,2019-12-06
2102,699,2,3,2019-12-06
2103,839,6,3,2019-12-06
2104,447,8,10,2019-12-06
2105,696,2,3,2019-12-06
2106,621,5,3,2019-12-06
2107,780,2,7,2019-12-07
2108,238,4,7,2019-12-07
2109,632,4,9,2019-12-07
2110,545,3,1,2019-12-09
2111,350,5,3,2019-12-09
2112,996,4,8,2019-12-09
2113,598,6,1,2019-12-09
2114,662,8,4,2019-12-09
2115,585,2,8,2019-12-09
2116,384,5,3,2019-12-10
2117,477,2,3,2019-12-10
2118,256,2,7,2019-12-10
2119,19,2,3,2019-12-10
2120,662,1,4,2019-12-10
2121,741,7,3,2019-12-10
2122,8,6,9,2019-12-11
2123,627,10,2,2019-12-11
2124,994,1,10,2019-12-11
2125,775,8,2,2019-12-17
2126,855,5,7,2019-12-17
2127,15,10,5,2019-12-17
2128,314,5,3,2019-12-17
2129,107,2,3,2019-12-17
2130,377,5,3,2019-12-17
2131,856,2,3,2019-12-18
2132,326,7,10,2019-12-18
2133,693,3,9,2019-12-18
2134,461,1,2,2019-12-19
2135,594,2,3,2019-12-19
2136,674,6,3,2019-12-19
2137,347,5,6,2019-12-22
2138,514,9,3,2019-12-22
2139,484,2,9,2019-12-22
2140,193,4,3,2019-12-23
2141,879,9,9,2019-12-23
2142,634,6,1,2019-12-23
2143,702,2,3,2019-12-25
2144,755,1,3,2019-12-25
2145,734,1,2,2019-12-25
2146,955,4,3,2019-12-25
2147,594,9,6,2019-12-25
2148,777,2,3,2019-12-25
2149,816,10,3,2019-12-25
2150,687,8,5,2019-12-25
2151,871,9,10,2019-12-25
2152,147,2,10,2019-12-26
2153,406,10,7,2019-12-26
2154,45,3,3,2019-12-26
2155,80,2,7,2019-12-27
2156,932,2,2,2019-12-27
2157,666,3,2,2019-12-27
2158,951,10,1,2019-12-27
2159,182,2,9,2019-12-27
2160,467,2,3,2019-12-27
2161,950,2,6,2019-12-28
2162,952,2,3,2019-12-28
2163,113,2,3,2019-12-28
2164,178,2,3,2019-12-28
2165,443,1,3,2019-12-28
2166,792,2,3,2019-12-28
2167,526,2,3,2019-12-28
2168,326,8,2,2019-12-28
2169,92,2,10,2019-12-28
2170,365,3,3,2019-12-29
2171,499,10,10,2019-12-29
2172,11,2,6,2019-12-29
2173,35,1,4,2019-12-29
2174,588,7,2,2019-12-29
2175,929,8,3,2019-12-29
2176,561,2,3,2019-12-31
2177,131,8,5,2019-12-31
2178,966,2,6,2019-12-31
2179,958,2,3,2020-01-02
2180,955,8,6,2020-01-02
2181,200,9,3,2020-01-02
2182,479,4,6,2020-01-03
2183,568,6,8,2020-01-03
2184,479,4,9,2020-01-03
2185,610,3,6,2020-01-04
2186,357,3,3,2020-01-04
2187,647,1,6,2020-01-04
2188,455,2,3,2020-01-04
2189,141,10,7,2020-01-04
2190,829,2,3,2020-01-04
2191,138,5,4,2020-01-07
2192,971,5,3,2020-01-07
2193,195,10,7,2020-01-07
2194,540,10,3,2020-01-07
2195,608,8,1,2020-01-07
2196,513,2,4,2020-01-07
2197,494,2,4,2020-01-08
2198,576,3,6,2020-01-08
2199,183,2,3,2020-01-08
2200,616,5,10,2020-01-09
2201,245,7,3,2020-01-09
2202,931,2,3,2020-01-09
2203,202,2,3,2020-01-12
2204,466,2,6,2020-01-12
2205,667,2,3,2020-01-12
2206,209,9,3,2020-01-14
2207,813,7,7,2020-01-14
2208,122,8,3,2020-01-14
2209,305,1,10,2020-01-15
2210,198,1,3,2020-01-15
2211,752,2,5,2020-01-15
2212,6,3,3,2020-01-17
2213,927,10,6,2020-01-17
2214,457,8,6,2020-01-17
2215,212,5,7,2020-01-21
2216,850,5,2,2020-01-21
2217,162,2,3,2020-01-21
2218,633,4,10,2020-01-21
2219,515,4,5,2020-01-21
2220,618,7,9,2020-01-21
2221,207,9,4,2020-01-21
2222,908,2,7,2020-01-21
2223,116,1,10,2020-01-21
2224,42,4,4,2020-01-21
2225,424,1,8,2020-01-21
2226,271,4,3,2020-01-21
2227,107,2,4,2020-01-23
2228,186,10,1,2020-01-23
2229,596,2,1,2020-01-23
2230,699,2,3,2020-01-25
2231,821,4,3,2020-01-25
2232,900,8,3,2020-01-25
2233,362,2,3,2020-01-25
2234,677,6,3,2020-01-25
2235,641,8,3,2020-01-25
2236,444,7,9,2020-01-26
2237,385,4,3,2020-01-26
2238,114,10,4,2020-01-26
2239,677,5,6,2020-01-27
2240,848,2,3,2020-01-27
2241,345,4,10,2020-01-27
2242,569,2,7,2020-01-29
2243,493,2,5,2020-01-29
2244,237,9,10,2020-01-29
2245,22,2,10,2020-01-29
2246,936,7,9,2020-01-29
2247,110,2,3,2020-01-29
2248,958,1,8,2020-01-29
2249,894,2,3,2020-01-29
2250,303,2,6,2020-01-29
2251,328,2,3,2020-01-30
2252,210,10,3,2020-01-30
2253,324,2,3,2020-01-30
2254,726,5,8,2020-01-31
2255,445,3,3,2020-01-31
2256,477,2,3,2020-01-31
2257,812,2,3,2020-02-02
2258,736,9,6,2020-02-02
2259,313,4,3,2020-02-02
2260,427,9,4,2020-02-04
2261,658,2,3,2020-02-04
2262,323,7,1,2020-02-04
2263,887,4,9,2020-02-05
2264,275,7,3,2020-02-05
2265,153,10,7,2020-02-05
2266,617,2,3,2020-02-07
2267,136,2,9,2020-02-07
2268,142,2,3,2020-02-07
2269,474,10,3,2020-02-09
2270,917,2,3,2020-02-09
2271,674,4,9,2020-02-09
2272,673,8,3,2020-02-10
2273,870,2,3,2020-02-10
2274,698,2,5,2020-02-10
2275,726,4,8,2020-02-11
2276,331,2,3,2020-02-11
2277,648,8,3,2020-02-11
2278,342,2,6,2020-02-11
2279,884,3,3,2020-02-11
2280,380,1,3,2020-02-11
2281,601,2,7,2020-02-13
2282,472,8,7,2020-02-13
2283,356,6,7,2020-02-13
2284,851,2,9,2020-02-14
2285,272,8,4,2020-02-14
2286,251,2,3,2020-02-14
2287,737,7,5,2020-02-16
2288,894,1,3,2020-02-16
2289,266,2,3,2020-02-16
2290,3,1,5,2020-02-16
2291,799,9,10,2020-02-16
2292,472,5,3,2020-02-16
2293,937,2,8,2020-02-17
2294,995,6,9,2020-02-17
2295,913,9,3,2020-02-17
2296,748,5,3,2020-02-18
2297,933,2,3,2020-02-18
2298,542,7,3,2020-02-18
2299,657,2,2,2020-02-19
2300,66,2,2,2020-02-19
2301,97,2,3,2020-02-19
2302,100,5,3,2020-02-21
2303,696,2,3,2020-02-21
2304,388,9,4,2020-02-21
2305,183,1,3,2020-02-22
2306,543,6,3,2020-02-22
2307,411,6,3,2020-02-22
2308,121,1,2,2020-02-22
2309,348,10,10,2020-02-22
2310,245,10,2,2020-02-22
2311,229,6,3,2020-02-23
2312,922,10,2,2020-02-23
2313,897,1,3,2020-02-23
2314,400,2,10,2020-02-24
2315,802,6,6,2020-02-24
2316,212,7,6,2020-02-24
2317,756,3,3,2020-02-24
2318,552,9,10,2020-02-24
2319,314,8,3,2020-02-24
2320,677,2,3,2020-02-24
2321,60,9,9,2020-02-24
2322,412,2,3,2020-02-24
2323,465,7,3,2020-02-27
2324,892,2,9,2020-02-27
2325,430,2,3,2020-02-27
2326,275,5,5,2020-02-27
2327,241,6,3,2020-02-27
2328,473,8,7,2020-02-27
2329,112,3,4,2020-02-27
2330,128,6,8,2020-02-27
2331,239,6,8,2020-02-27
2332,958,2,3,2020-02-27
2333,78,2,5,2020-02-27
2334,820,3,8,2020-02-27
2335,602,7,10,2020-02-28
2336,623,8,6,2020-02-28
2337,642,9,8,2020-02-28
2338,835,1,3,2020-02-29
2339,506,4,3,2020-02-29
2340,171,10,3,2020-02-29
2341,66,9,3,2020-02-29
2342,894,5,3,2020-02-29
2343,30,2,3,2020-02-29
2344,680,10,3,2020-03-02
2345,642,5,1,2020-03-02
2346,981,8,1,2020-03-02
2347,214,9,3,2020-03-02
2348,987,2,3,2020-03-02
2349,76,2,8,2020-03-02
2350,668,4,4,2020-03-03
2351,895,2,10,2020-03-03
2352,738,10,3,2020-03-03
2353,174,2,10,2020-03-03
2354,383,4,3,2020-03-03
2355,174,9,1,2020-03-03
2356,933,2,4,2020-03-04
2357,801,7,3,2020-03-04
2358,156,2,3,2020-03-04
2359,858,2,3,2020-03-08
2360,89,4,3,2020-03-08
2361,85,3,3,2020-03-08
2362,795,4,3,2020-03-09
2363,36,5,3,2020-03-09
2364,346,2,3,2020-03-09
2365,152,2,1,2020-03-09
2366,694,3,3,2020-03-09
2367,636,7,3,2020-03-09
2368,873,2,6,2020-03-09
2369,210,2,5,2020-03-09
2370,277,10,3,2020-03-09
2371,152,2,3,2020-03-09
2372,680,4,3,2020-03-09
2373,14,10,3,2020-03-09
2374,429,6,3,2020-03-10
2375,314,6,5,2020-03-10
2376,723,2,3,2020-03-10
2377,64,10,10,2020-03-11
2378,915,2,2,2020-03-11
2379,792,1,9,2020-03-11
2380,351,8,4,2020-03-12
2381,388,10,1,2020-03-12
2382,103,2,3,2020-03-12
2383,82,9,3,2020-03-12
2384,310,9,7,2020-03-12
2385,466,3,9,2020-03-12
2386,597,2,2,2020-03-15
2387,706,2,8,2020-03-15
2388,939,10,3,2020-03-15
2389,381,7,3,2020-03-17
2390,924,8,3,2020-03-17
2391,3,2,3,2020-03-17
2392,754,8,3,2020-03-17
2393,803,2,3,2020-03-17
2394,855,10,8,2020-03-17
2395,359,4,5,2020-03-18
2396,276,7,3,2020-03-18
2397,710,2,8,2020-03-18
2398,505,9,3,2020-03-18
2399,779,3,3,2020-03-18
2400,202,2,10,2020-03-18
2401,407,2,6,2020-03-20
2402,493,5,3,2020-03-20
2403,189,2,1,2020-03-20
2404,669,10,2,2020-03-20
2405,542,10,9,2020-03-20
2406,979,9,3,2020-03-20
2407,683,9,6,2020-03-22
2408,93,2,7,2020-03-22
2409,603,9,5,2020-03-22
2410,611,1,3,2020-03-24
2411,40,2,3,2020-03-24
2412,137,6,8,2020-03-24
2413,557,2,3,2020-03-26
2414,593,4,4,2020-03-26
2415,258,2,3,2020-03-26
2416,292,10,3,2020-03-27
2417,921,2,3,2020-03-27
2418,636,10,3,2020-03-27
2419,619,4,1,2020-03-28
2420,566,10,6,2020-03-28
2421,675,5,9,2020-03-28
2422,590,10,10,2020-03-28
2423,137,2,3,2020-03-28
2424,809,5,6,2020-03-28
2425,245,2,2,2020-03-29
2426,930,6,6,2020-03-29
2427,256,7,9,2020-03-29
2428,129,2,7,2020-03-29
2429,358,2,3,2020-03-29
2430,501,6,5,2020-03-29
2431,178,2,5,2020-03-29
2432,686,8,2,2020-03-29
2433,28,6,2,2020-03-29
2434,927,2,3,2020-03-30
2435,846,4,6,2020-03-30
2436,861,2,5,2020-03-30
2437,379,6,10,2020-03-31
2438,115,2,3,2020-03-31
2439,621,7,4,2020-03-31
2440,952,6,4,2020-04-03
2441,189,1,8,2020-04-03
2442,478,2,7,2020-04-03
2443,645,5,3,2020-04-03
2444,922,9,3,2020-04-03
2445,256,8,10,2020-04-03
2446,421,2,4,2020-04-04
2447,273,2,10,2020-04-04
2448,843,8,3,2020-04-04
2449,292,5,5,2020-04-04
2450,915,2,2,2020-04-04
2451,954,5,10,2020-04-04
2452,830,2,3,2020-04-05
2453,695,2,3,2020-04-05
2454,773,2,3,2020-04-05
2455,365,10,10,2020-04-05
2456,378,4,3,2020-04-05
2457,731,4,3,2020-04-05
2458,968,5,2,2020-04-06
2459,134,1,3,2020-04-06
2460,854,9,9,2020-04-06
2461,98,3,3,2020-04-06
2462,409,9,3,2020-04-06
2463,509,8,3,2020-04-06
2464,706,2,3,2020-04-07
2465,301,8,8,2020-04-07
2466,184,2,3,2020-04-07
2467,957,1,5,2020-04-08
2468,778,7,3,2020-04-08
2469,997,3,2,2020-04-08
2470,884,4,5,2020-04-08
2471,610,2,3,2020-04-08
2472,887,3,3,2020-04-08
2473,35,2,3,2020-04-09
2474,447,1,3,2020-04-09
2475,130,3,3,2020-04-09
2476,200,8,3,2020-04-10
2477,731,4,10,2020-04-10
2478,361,5,5,2020-04-10
2479,641,2,3,2020-04-10
2480,546,2,3,2020-04-10
2481,662,2,4,2020-04-10
2482,133,5,3,2020-04-13
2483,664,2,3,2020-04-13
2484,949,5,3,2020-04-13
2485,827,6,2,2020-04-13
2486,665,1,7,2020-04-13
2487,379,3,3,2020-04-13
2488,168,2,5,2020-04-14
2489,579,2,9,2020-04-14
2490,738,3,5,2020-04-14
2491,224,8,9,2020-04-14
2492,541,2,3,2020-04-14
2493,946,5,4,2020-04-14
2494,686,8,3,2020-04-16
2495,346,9,1,2020-04-16
2496,493,2,2,2020-04-16
2497,306,2,10,2020-04-16
2498,646,7,7,2020-04-16
2499,431,2,7,2020-04-16
2500,436,2,6,2020-04-18
2501,164,8,4,2020-04-18
2502,516,2,6,2020-04-18
2503,750,2,3,2020-04-20
2504,310,7,3,2020-04-20
2505,600,10,3,2020-04-20
2506,305,2,4,2020-04-22
2507,389,10,3,2020-04-22
2508,310,1,4,2020-04-22
2509,609,2,3,2020-04-23
2510,327,4,10,2020-04-23
2511,713,5,3,2020-04-23
2512,456,2,3,2020-04-24
2513,725,6,3,2020-04-24
2514,38,2,4,2020-04-24
2515,748,1,2,2020-04-27
2516,192,2,9,2020-04-27
2517,985,4,3,2020-04-27
2518,959,2,3,2020-04-27
2519,459,1,5,2020-04-27
2520,668,2,3,2020-04-27
2521,367,4,3,2020-04-28
2522,775,2,3,2020-04-28
2523,101,2,3,2020-04-28
2524,578,1,3,2020-04-29
2525,126,1,3,2020-04-29
2526,863,2,1,2020-04-29
2527,540,2,3,2020-04-30
2528,118,7,3,2020-04-30
2529,101,8,3,2020-04-30
2530,689,4,2,2020-04-30
2531,7,9,5,2020-04-30
2532,913,8,3,2020-04-30
2533,553,5,3,2020-05-03
2534,770,2,3,2020-05-03
2535,495,4,9,2020-05-03
2536,530,5,4,2020-05-04
2537,980,10,7,2020-05-04
2538,558,8,7,2020-05-04
2539,657,2,3,2020-05-05
2540,53,7,6,2020-05-05
2541,388,9,3,2020-05-05
2542,122,2,4,2020-05-06
2543,783,6,10,2020-05-06
2544,332,7,1,2020-05-06
2545,609,4,2,2020-05-06
2546,832,2,2,2020-05-06
2547,300,7,3,2020-05-06
2548,750,1,3,2020-05-08
2549,176,9,3,2020-05-08
2550,9,5,10,2020-05-08
2551,45,2,1,2020-05-11
2552,416,4,7,2020-05-11
2553,428,2,4,2020-05-11
2554,992,4,5,2020-05-12
2555,603,2,9,2020-05-12
2556,310,10,6,2020-05-12
2557,826,6,1,2020-05-13
2558,255,2,8,2020-05-13
2559,947,8,3,2020-05-13
2560,812,2,4,2020-05-14
2561,307,10,3,2020-05-14
2562,626,6,3,2020-05-14
2563,327,2,3,2020-05-14
2564,377,2,3,2020-05-14
2565,171,1,5,2020-05-14
2566,968,2,2,2020-05-14
2567,403,10,10,2020-05-14
2568,947,2,9,2020-05-14
2569,74,9,3,2020-05-14
2570,790,2,3,2020-05-14
2571,896,2,3,2020-05-14
2572,857,2,3,2020-05-17
2573,722,5,4,2020-05-17
2574,142,4,4,2020-05-17
2575,845,2,7,2020-05-18
2576,469,5,2,2020-05-18
2577,80,2,4,2020-05-18
2578,284,2,7,2020-05-18
2579,90,2,3,2020-05-18
2580,724,2,3,2020-05-18
2581,826,5,7,2020-05-20
2582,762,1,3,2020-05-20
2583,130,10,4,2020-05-20
2584,18,2,4,2020-05-21
2585,231,2,5,2020-05-21
2586,952,6,3,2020-05-21
2587,401,6,3,2020-05-22
2588,692,3,4,2020-05-22
2589,386,2,6,2020-05-22
2590,578,1,3,2020-05-24
2591,692,5,5,2020-05-24
2592,627,2,6,2020-05-24
2593,336,2,4,2020-05-25
2594,339,3,6,2020-05-25
2595,74,3,3,2020-05-25
2596,144,2,3,2020-05-25
2597,604,10,2,2020-05-25
2598,154,3,3,2020-05-25
2599,551,8,6,2020-05-26
2600,667,7,6,2020-05-26
2601,737,2,3,2020-05-26
2602,456,2,3,2020-05-27
2603,814,9,3,2020-05-27
2604,339,6,3,2020-05-27
2605,676,2,3,2020-05-29
2606,156,8,1,2020-05-29
2607,563,9,3,2020-05-29
2608,504,7,7,2020-05-29
2609,912,6,1,2020-05-29
2610,929,1,5,2020-05-29
2611,929,6,3,2020-05-29
2612,411,5,2,2020-05-29
2613,254,2,10,2020-05-29
2614,517,2,3,2020-05-29
2615,260,2,3,2020-05-29
2616,311,2,3,2020-05-29
2617,900,3,3,2020-05-29
2618,32,2,3,2020-05-29
2619,716,7,3,2020-05-29
2620,358,10,3,2020-05-31
2621,59,2,6,2020-05-31
2622,857,2,6,2020-05-31
2623,593,2,3,2020-05-31
2624,125,5,3,2020-05-31
2625,567,4,3,2020-05-31
2626,146,2,3,2020-05-31
2627,279,2,4,2020-05-31
2628,583,8,3,2020-05-31
2629,339,2,3,2020-05-31
2630,493,10,3,2020-05-31
2631,655,8,10,2020-05-31
2632,646,2,6,2020-06-02
2633,136,2,3,2020-06-02
2634,615,7,3,2020-06-02
2635,800,9,8,2020-06-02
2636,373,2,3,2020-06-02
2637,724,2,5,2020-06-02
2638,950,10,5,2020-06-04
2639,155,10,10,2020-06-04
2640,519,2,5,2020-06-04
2641,822,4,3,2020-06-04
2642,974,9,3,2020-06-04
2643,923,1,10,2020-06-04
2644,624,2,3,2020-06-04
2645,820,8,3,2020-06-04
2646,762,7,3,2020-06-04
2647,734,1,1,2020-06-05
2648,173,7,3,2020-06-05
2649,257,1,3,2020-06-05
2650,517,2,1,2020-06-05
2651,286,2,9,2020-06-05
2652,455,2,2,2020-06-05
2653,895,3,5,2020-06-05
2654,880,2,2,2020-06-05
2655,723,3,3,2020-06-05
2656,870,10,8,2020-06-06
2657,390,8,8,2020-06-06
2658,55,9,3,2020-06-06
2659,444,2,4,2020-06-07
2660,894,1,3,2020-06-07
2661,839,10,10,2020-06-07
2662,351,9,7,2020-06-09
2663,331,2,3,2020-06-09
2664,743,2,6,2020-06-09
2665,107,2,3,2020-06-10
2666,19,10,10,2020-06-10
2667,811,2,4,2020-06-10
2668,418,2,3,2020-06-10
2669,570,2,3,2020-06-10
2670,393,5,6,2020-06-10
2671,395,7,9,2020-06-10
2672,821,9,6,2020-06-10
2673,121,2,10,2020-06-10
2674,137,2,2,2020-06-11
2675,925,2,10,2020-06-11
2676,215,1,1,2020-06-11
2677,923,2,3,2020-06-11
2678,588,10,8,2020-06-11
2679,317,10,6,2020-06-11
2680,825,9,9,2020-06-11
2681,354,3,7,2020-06-11
2682,134,10,4,2020-06-11
2683,824,10,3,2020-06-13
2684,866,3,10,2020-06-13
2685,185,4,1,2020-06-13
2686,515,2,3,2020-06-14
2687,399,6,9,2020-06-14
2688,716,9,4,2020-06-14
2689,181,5,3,2020-06-16
2690,207,7,10,2020-06-16
2691,645,2,1,2020-06-16
2692,188,2,3,2020-06-16
2693,664,1,8,2020-06-16
2694,24,8,3,2020-06-16
2695,227,7,3,2020-06-17
2696,734,2,1,2020-06-17
2697,84,2,3,2020-06-17
2698,190,9,3,2020-06-18
2699,153,7,9,2020-06-18
2700,144,6,3,2020-06-18
2701,112,2,10,2020-06-20
2702,428,10,4,2020-06-20
2703,602,6,5,2020-06-20
2704,393,2,3,2020-06-22
2705,476,4,4,2020-06-22
2706,962,1,3,2020-06-22
2707,746,2,7,2020-06-23
2708,634,2,3,2020-06-23
2709,213,2,1,2020-06-23
2710,962,4,3,2020-06-24
2711,52,2,3,2020-06-24
2712,470,5,3,2020-06-24
2713,47,9,3,2020-06-24
2714,152,10,9,2020-06-24
2715,553,8,3,2020-06-24
2716,750,8,3,2020-06-25
2717,381,6,3,2020-06-25
2718,740,6,3,2020-06-25
2719,279,5,2,2020-06-25
2720,722,5,3,2020-06-25
2721,471,8,9,2020-06-25
2722,192,8,4,2020-06-26
2723,131,2,1,2020-06-26
2724,891,4,8,2020-06-26
2725,837,8,4,2020-06-26
2726,542,2,6,2020-06-26
2727,53,1,1,2020-06-26
2728,137,10,3,2020-06-27
2729,56,3,8,2020-06-27
2730,895,2,3,2020-06-27
2731,735,4,3,2020-06-29
2732,533,10,5,2020-06-29
2733,819,6,6,2020-06-29
2734,481,1,2,2020-06-29
2735,553,8,3,2020-06-29
2736,282,9,4,2020-06-29
2737,690,8,10,2020-07-01
2738,312,2,3,2020-07-01
2739,360,2,5,2020-07-01
2740,625,8,3,2020-07-01
2741,470,4,3,2020-07-01
2742,688,2,2,2020-07-01
2743,691,2,8,2020-07-03
2744,411,5,4,2020-07-03
2745,260,2,3,2020-07-03
2746,384,2,3,2020-07-05
2747,847,8,10,2020-07-05
2748,54,9,6,2020-07-05
2749,585,7,3,2020-07-05
2750,273,9,3,2020-07-05
2751,7,2,9,2020-07-05
2752,618,6,3,2020-07-07
2753,603,6,3,2020-07-07
2754,135,5,3,2020-07-07
2755,969,2,3,2020-07-09
2756,447,3,2,2020-07-09
2757,945,5,3,2020-07-09
2758,870,6,3,2020-07-10
2759,36,2,10,2020-07-10
2760,488,5,6,2020-07-10
2761,320,3,3,2020-07-10
2762,877,2,6,2020-07-10
2763,436,2,7,2020-07-10
2764,144,2,1,2020-07-11
2765,284,1,8,2020-07-11
2766,760,10,6,2020-07-11
2767,851,2,2,2020-07-11
2768,87,7,3,2020-07-11
2769,248,1,6,2020-07-11
2770,3,3,3,2020-07-13
2771,196,9,9,2020-07-13
2772,974,2,1,2020-07-13
2773,64,9,5,2020-07-14
2774,872,7,4,2020-07-14
2775,658,6,3,2020-07-14
2776,406,7,3,2020-07-14
2777,682,4,7,2020-07-14
2778,374,7,3,2020-07-14
2779,898,2,3,2020-07-15
2780,616,10,3,2020-07-15
2781,434,7,3,2020-07-15
2782,685,8,3,2020-07-15
2783,665,1,3,2020-07-15
2784,163,8,3,2020-07-15
2785,181,7,3,2020-07-16
2786,213,2,10,2020-07-16
2787,374,5,8,2020-07-16
2788,312,5,3,2020-07-16
2789,301,3,3,2020-07-16
2790,720,1,5,2020-07-16
2791,933,2,2,2020-07-19
2792,322,2,3,2020-07-19
2793,969,6,6,2020-07-19
2794,780,5,3,2020-07-19
2795,635,8,3,2020-07-19
2796,929,10,3,2020-07-19
2797,816,4,3,2020-07-19
2798,205,9,8,2020-07-19
2799,895,1,8,2020-07-19
2800,907,1,8,2020-07-19
2801,110,3,9,2020-07-19
2802,422,9,2,2020-07-19
2803,664,2,3,2020-07-21
2804,13,9,6,2020-07-21
2805,806,2,9,2020-07-21
2806,413,2,8,2020-07-22
2807,790,4,5,2020-07-22
2808,961,2,2,2020-07-22
2809,92,7,5,2020-07-22
2810,356,2,3,2020-07-22
2811,18,4,3,2020-07-22
2812,37,2,6,2020-07-26
2813,608,7,3,2020-07-26
2814,461,2,3,2020-07-26
2815,919,2,3,2020-07-26
2816,729,1,10,2020-07-26
2817,90,2,4,2020-07-26
2818,801,2,5,2020-07-26
2819,112,2,3,2020-07-26
2820,354,9,10,2020-07-26
2821,861,4,2,2020-07-27
2822,888,2,10,2020-07-27
2823,194,7,3,2020-07-27
2824,22,2,3,2020-07-31
2825,447,8,8,2020-07-31
2826,430,2,10,2020-07-31
2827,842,7,5,2020-08-02
2828,560,1,3,2020-08-02
2829,747,2,3,2020-08-02
2830,162,3,10,2020-08-02
2831,190,10,3,2020-08-02
2832,383,2,3,2020-08-02
2833,661,10,8,2020-08-03
2834,513,2,3,2020-08-03
2835,233,4,3,2020-08-03
2836,521,2,3,2020-08-04
2837,677,4,3,2020-08-04
2838,715,2,5,2020-08-04
2839,977,4,10,2020-08-04
2840,902,7,6,2020-08-04
2841,352,10,5,2020-08-04
2842,563,4,1,2020-08-06
2843,352,10,2,2020-08-06
2844,734,10,3,2020-08-06
2845,51,1,3,2020-08-06
2846,312,3,2,2020-08-06
2847,522,8,6,2020-08-06
2848,25,2,3,2020-08-06
2849,233,8,3,2020-08-06
2850,838,2,8,2020-08-06
2851,718,9,3,2020-08-06
2852,696,7,1,2020-08-06
2853,744,2,3,2020-08-06
2854,569,3,5,2020-08-06
2855,654,2,10,2020-08-06
2856,829,9,2,2020-08-06
2857,781,9,3,2020-08-09
2858,917,2,7,2020-08-09
2859,886,2,6,2020-08-09
2860,979,7,3,2020-08-09
2861,685,2,5,2020-08-09
2862,461,2,1,2020-08-09
2863,510,3,1,2020-08-11
2864,521,3,3,2020-08-11
2865,1,2,3,2020-08-11
2866,13,3,8,2020-08-12
2867,913,10,3,2020-08-12
2868,845,5,3,2020-08-12
2869,543,7,8,2020-08-12
2870,38,3,1,2020-08-12
2871,666,4,10,2020-08-12
2872,806,2,2,2020-08-12
2873,516,2,3,2020-08-12
2874,863,4,3,2020-08-12
2875,124,2,2,2020-08-13
2876,549,2,3,2020-08-13
2877,395,10,3,2020-08-13
2878,264,10,3,2020-08-14
2879,534,8,5,2020-08-14
2880,835,4,3,2020-08-14
2881,45,9,2,2020-08-16
2882,114,4,6,2020-08-16
2883,645,2,8,2020-08-16
2884,514,9,3,2020-08-16
2885,212,6,3,2020-08-16
2886,444,3,3,2020-08-16
2887,761,10,3,2020-08-18
2888,351,10,4,2020-08-18
2889,627,1,2,2020-08-18
2890,469,5,3,2020-08-18
2891,578,2,5,2020-08-18
2892,18,2,1,2020-08-18
2893,333,4,2,2020-08-19
2894,881,10,8,2020-08-19
2895,86,2,9,2020-08-19
2896,9,8,3,2020-08-22
2897,61,4,3,2020-08-22
2898,816,2,8,2020-08-22
2899,800,1,1,2020-08-23
2900,641,2,3,2020-08-23
2901,226,2,1,2020-08-23
2902,186,5,2,2020-08-23
2903,242,9,2,2020-08-23
2904,168,3,2,2020-08-23
2905,757,1,5,2020-08-23
2906,340,1,3,2020-08-23
2907,907,2,10,2020-08-23
2908,917,7,7,2020-08-23
2909,691,2,1,2020-08-23
2910,857,2,3,2020-08-23
2911,929,2,4,2020-08-26
2912,890,5,4,2020-08-26
2913,676,3,3,2020-08-26
2914,296,4,3,2020-08-28
2915,513,3,2,2020-08-28
2916,100,1,2,2020-08-28
2917,629,2,3,2020-08-30
2918,611,2,3,2020-08-30
2919,285,10,3,2020-08-30
2920,231,2,5,2020-08-30
2921,243,2,3,2020-08-30
2922,635,4,1,2020-08-30
2923,276,4,8,2020-08-30
2924,676,2,3,2020-08-30
2925,546,2,3,2020-08-30
2926,36,2,3,2020-09-01
2927,226,7,5,2020-09-01
2928,845,8,3,2020-09-01
2929,295,2,5,2020-09-03
2930,941,8,6,2020-09-03
2931,664,10,3,2020-09-03
2932,471,8,3,2020-09-07
2933,257,7,1,2020-09-07
2934,418,1,9,2020-09-07
2935,599,7,3,2020-09-08
2936,830,2,3,2020-09-08
2937,625,2,3,2020-09-08
2938,474,2,9,2020-09-08
2939,390,5,1,2020-09-08
2940,735,1,2,2020-09-08
2941,584,2,4,2020-09-10
2942,36,5,2,2020-09-10
2943,677,6,9,2020-09-10
2944,994,1,3,2020-09-10
2945,605,7,7,2020-09-10
2946,910,9,3,2020-09-10
2947,387,3,10,2020-09-10
2948,122,7,3,2020-09-10
2949,775,7,4,2020-09-10
2950,818,1,3,2020-09-12
2951,77,5,3,2020-09-12
2952,889,9,6,2020-09-12
2953,131,2,3,2020-09-13
2954,847,2,6,2020-09-13
2955,754,8,8,2020-09-13
2956,894,9,6,2020-09-14
2957,35,7,10,2020-09-14
2958,73,2,3,2020-09-14
2959,320,6,7,2020-09-16
2960,573,2,2,2020-09-16
2961,341,8,2,2020-09-16
2962,719,7,5,2020-09-16
2963,182,2,3,2020-09-16
2964,958,2,3,2020-09-16
2965,869,6,8,2020-09-17
2966,355,2,2,2020-09-17
2967,405,3,10,2020-09-17
2968,613,2,7,2020-09-19
2969,834,5,3,2020-09-19
2970,684,5,5,2020-09-19
2971,638,2,7,2020-09-19
2972,742,8,3,2020-09-19
2973,482,5,3,2020-09-19
2974,588,3,8,2020-09-20
2975,925,2,3,2020-09-20
2976,882,2,3,2020-09-20
2977,726,4,5,2020-09-20
2978,875,2,8,2020-09-20
2979,811,7,3,2020-09-20
2980,190,6,3,2020-09-22
2981,282,10,3,2020-09-22
2982,104,8,3,2020-09-22
2983,919,7,2,2020-09-22
2984,338,2,1,2020-09-22
2985,778,2,1,2020-09-22
2986,398,2,6,2020-09-22
2987,48,8,3,2020-09-22
2988,447,2,1,2020-09-22
2989,844,2,10,2020-09-24
2990,583,9,3,2020-09-24
2991,457,2,3,2020-09-24
2992,228,9,5,2020-09-25
2993,764,2,7,2020-09-25
2994,204,6,4,2020-09-25
2995,6,2,3,2020-09-27
2996,671,3,7,2020-09-27
2997,586,8,3,2020-09-27
2998,731,2,4,2020-09-27
2999,163,2,1,2020-09-27
3000,770,2,2,2020-09-27
